lag_windows,lag_seconds_approx,feature,modality,median_r,mean_r,n_series
1,5,eeg_frontal_delta_power_z_within_subject,脑电,0.7961439775901576,0.7825966059018096,81
1,5,eeg_frontal_theta_power_z_within_subject,脑电,0.8050719202138668,0.7913289018042494,81
1,5,eeg_frontal_alpha_power_z_within_subject,脑电,0.8440800770038941,0.835002714762276,81
1,5,eeg_frontal_beta_power_z_within_subject,脑电,0.9232860543809395,0.9059929335702911,81
1,5,eeg_frontal_gamma_power_z_within_subject,脑电,0.9035221368105422,0.8943020856605487,81
1,5,eeg_frontal_theta_alpha_z_within_subject,脑电,0.8189954836312345,0.8002815639901231,81
1,5,eeg_frontal_beta_alpha_z_within_subject,脑电,0.895286288164601,0.8746742808960078,81
1,5,eeg_central_delta_power_z_within_subject,脑电,0.7890866105855964,0.7732487236047336,81
1,5,eeg_central_theta_power_z_within_subject,脑电,0.8100733478902078,0.7935152061855109,81
1,5,eeg_central_alpha_power_z_within_subject,脑电,0.8242031005161894,0.8352451947503013,81
1,5,eeg_central_beta_power_z_within_subject,脑电,0.891867064050443,0.8849851290713415,81
1,5,eeg_central_gamma_power_z_within_subject,脑电,0.8930608923143246,0.8848963194141874,81
1,5,eeg_central_theta_alpha_z_within_subject,脑电,0.8228633973316848,0.8128982636702945,81
1,5,eeg_central_beta_alpha_z_within_subject,脑电,0.8616179885996961,0.8487232039509118,81
1,5,eeg_parietal_delta_power_z_within_subject,脑电,0.7833541334690859,0.7804917194708216,81
1,5,eeg_parietal_theta_power_z_within_subject,脑电,0.8031918915114857,0.7937548578374125,81
1,5,eeg_parietal_alpha_power_z_within_subject,脑电,0.8456869964055044,0.8305059406569661,81
1,5,eeg_parietal_beta_power_z_within_subject,脑电,0.919990479619588,0.9078684151705652,81
1,5,eeg_parietal_gamma_power_z_within_subject,脑电,0.9322505919001074,0.9127564740202528,81
1,5,eeg_parietal_theta_alpha_z_within_subject,脑电,0.8267409151540159,0.804612764726615,81
1,5,eeg_parietal_beta_alpha_z_within_subject,脑电,0.8935667295861834,0.8762173399789029,81
1,5,eeg_occipital_delta_power_z_within_subject,脑电,0.7879450509002296,0.7760944646930694,81
1,5,eeg_occipital_theta_power_z_within_subject,脑电,0.8251649359319221,0.8093492100499136,81
1,5,eeg_occipital_alpha_power_z_within_subject,脑电,0.9123959010152409,0.8807778896481795,81
1,5,eeg_occipital_beta_power_z_within_subject,脑电,0.9357700183360466,0.9259141368277359,81
1,5,eeg_occipital_gamma_power_z_within_subject,脑电,0.9465511976545644,0.9324798393715166,81
1,5,eeg_occipital_theta_alpha_z_within_subject,脑电,0.8471201656966202,0.8281654387333867,81
1,5,eeg_occipital_beta_alpha_z_within_subject,脑电,0.825410946012175,0.8158861626497868,81
1,5,hr_mean,心率,0.9544752797722283,0.9523174759324683,81
1,5,hr_std,心率,0.7872482230983184,0.777780169074074,79
1,5,hr_min,心率,0.9182226459612286,0.9066106420125908,81
1,5,hr_max,心率,0.9005743297047782,0.8972152576442725,81
1,5,hr_slope_bpm_per_min,心率,0.74718915168965,0.7422400865945673,79
1,5,eye_pupil_filtered_mean,眼动,0.9431548612311303,0.9348263272999561,81
1,5,eye_pupil_filtered_std,眼动,0.8855749143105456,0.8678063612061583,81
1,5,eye_valid_ratio,眼动,0.8924119129135273,0.8854661800779711,81
1,5,eye_fixation_ratio,眼动,0.8979181745476277,0.898305016278124,81
1,5,eye_saccade_ratio,眼动,0.9069219454196445,0.9025580809652917,81
1,5,eye_eyes_not_found_ratio,眼动,0.8785371928031599,0.8616896047644372,81
1,5,eye_aoi_interval_n,眼动,0.8072114611499435,0.7897919650273494,81
1,5,eye_aoi_unique_hit_n,眼动,0.8586876963058755,0.8410039903911936,81
1,5,eye_aoi_total_fix_ms,眼动,0.963461019561827,0.9527464102734133,81
1,5,eye_aoi_fixation_n,眼动,0.9594231219022028,0.9565436648316276,81
1,5,eye_aoi_fixation_density_per_sec,眼动,0.9559603034223979,0.9540415636176777,81
1,5,eye_aoi_coverage_ratio,眼动,0.9591276606982679,0.950283660637515,81
1,5,eye_aoi_max_share,眼动,0.8938987597769897,0.8754979071638503,81
1,5,eye_aoi_entropy,眼动,0.9014638812848251,0.8842374853079911,81
1,5,eye_aoi_pupil_weighted_mean,眼动,0.9643950567757476,0.9589062882482325,81
1,5,blink_count,眼动,0.8757575334891781,0.8602203687249362,81
1,5,blink_rate_per_min,眼动,0.8757575334891781,0.8602203687249362,81
1,5,blink_duration_mean_ms,眼动,0.8491831581460726,0.8349100742142608,81
1,5,blink_duration_std_ms,眼动,0.8269374680507893,0.7986736439833927,78
1,5,blink_duration_median_ms,眼动,0.7970038920748516,0.788389876812127,81
1,5,blink_total_duration_ratio,眼动,0.8719693117986199,0.8584280198376993,81
1,5,log_action_count_win,行为,0.9082617778414117,0.8968013764437769,81
1,5,log_unique_device_count_win,行为,0.8791095247041141,0.8702587444730447,81
1,5,log_action_density_win,行为,0.9082617778414117,0.8968013764437771,81
1,5,log_correct_action_count_win,行为,0.9003612903583582,0.8937560919613572,80
1,5,log_error_action_count_win,行为,0.830827067669173,0.8462191804624168,63
1,5,log_duplicate_action_count_win,行为,0.8664402942840973,0.8549742685322794,33
1,5,log_extra_action_count_win,行为,0.830827067669173,0.8469311769381174,63
1,5,log_disallowed_action_count_win,行为,0.8673469387755102,0.863543705216456,75
1,5,log_error_rate_win,行为,0.8219568810349215,0.8241391531267657,75
1,5,log_duplicate_rate_win,行为,0.8149420024420025,0.8026860261808042,33
1,5,log_extra_rate_win,行为,0.8223443223443223,0.8007672199637179,63
1,5,log_unique_step_count_win,行为,0.8902696835930435,0.8763782207972403,80
6,30,eeg_frontal_delta_power_z_within_subject,脑电,0.027776138074896532,0.056834948901572424,80
6,30,eeg_frontal_theta_power_z_within_subject,脑电,0.06298874886231746,0.10632724572564392,80
6,30,eeg_frontal_alpha_power_z_within_subject,脑电,0.10692496468353194,0.1472770269663095,80
6,30,eeg_frontal_beta_power_z_within_subject,脑电,0.4226611205350092,0.3539421254692581,80
6,30,eeg_frontal_gamma_power_z_within_subject,脑电,0.32184402568305215,0.2969553700621514,80
6,30,eeg_frontal_theta_alpha_z_within_subject,脑电,0.08539753661347241,0.061695965366578565,80
6,30,eeg_frontal_beta_alpha_z_within_subject,脑电,0.3296818271698593,0.3127312916972689,80
6,30,eeg_central_delta_power_z_within_subject,脑电,-0.012795061867473895,0.03671339535515019,80
6,30,eeg_central_theta_power_z_within_subject,脑电,0.0890020094449115,0.10059368697608673,80
6,30,eeg_central_alpha_power_z_within_subject,脑电,0.04739711485092037,0.12046971027524256,80
6,30,eeg_central_beta_power_z_within_subject,脑电,0.19985623569247435,0.2705971230935108,80
6,30,eeg_central_gamma_power_z_within_subject,脑电,0.19021266913367074,0.24507409449580853,80
6,30,eeg_central_theta_alpha_z_within_subject,脑电,0.06500112905890759,0.08625059988964294,80
6,30,eeg_central_beta_alpha_z_within_subject,脑电,0.20091516881978472,0.1860907487972708,80
6,30,eeg_parietal_delta_power_z_within_subject,脑电,0.05142226937228215,0.06280759020674673,80
6,30,eeg_parietal_theta_power_z_within_subject,脑电,0.06768385907404476,0.10264026932144213,80
6,30,eeg_parietal_alpha_power_z_within_subject,脑电,0.09673255314656948,0.1383557426983737,80
6,30,eeg_parietal_beta_power_z_within_subject,脑电,0.3513283762996998,0.33192107120899805,80
6,30,eeg_parietal_gamma_power_z_within_subject,脑电,0.3730274945038409,0.34968575609401376,80
6,30,eeg_parietal_theta_alpha_z_within_subject,脑电,0.1387770136086255,0.12115256059110555,80
6,30,eeg_parietal_beta_alpha_z_within_subject,脑电,0.31917908018251495,0.29184964814368414,80
6,30,eeg_occipital_delta_power_z_within_subject,脑电,0.02662012613525921,0.021082077049685663,80
6,30,eeg_occipital_theta_power_z_within_subject,脑电,0.11641342843153427,0.0863608164230746,80
6,30,eeg_occipital_alpha_power_z_within_subject,脑电,0.39106563538454636,0.30896504508821737,80
6,30,eeg_occipital_beta_power_z_within_subject,脑电,0.508686681262768,0.45037891330953206,80
6,30,eeg_occipital_gamma_power_z_within_subject,脑电,0.5371288918626655,0.4720171600978412,80
6,30,eeg_occipital_theta_alpha_z_within_subject,脑电,0.16474678472413543,0.18381218441059843,80
6,30,eeg_occipital_beta_alpha_z_within_subject,脑电,0.15683883200082965,0.1633353675017548,80
6,30,hr_mean,心率,0.3698013744203955,0.32610911624560884,78
6,30,hr_std,心率,0.04264304477990414,0.05829163344037243,78
6,30,hr_min,心率,0.3847661750002805,0.3289664987572983,78
6,30,hr_max,心率,0.31646962657642697,0.28629106735897725,78
6,30,hr_slope_bpm_per_min,心率,-0.21196896506719148,-0.21703409071773136,78
6,30,eye_pupil_filtered_mean,眼动,0.3680175936666273,0.3273521300634793,80
6,30,eye_pupil_filtered_std,眼动,0.142761667913666,0.133241779131768,80
6,30,eye_valid_ratio,眼动,0.24944765118639287,0.2378456614464976,80
6,30,eye_fixation_ratio,眼动,0.17376424271450214,0.17692465686916437,80
6,30,eye_saccade_ratio,眼动,0.16279127539577076,0.17377858583954842,80
6,30,eye_eyes_not_found_ratio,眼动,0.1574310493515098,0.1623533991011304,80
6,30,eye_aoi_interval_n,眼动,0.15105418039515195,0.12075258167838188,80
6,30,eye_aoi_unique_hit_n,眼动,0.38997542877219266,0.3525834646806255,80
6,30,eye_aoi_total_fix_ms,眼动,0.38941540509146205,0.33383884241151657,80
6,30,eye_aoi_fixation_n,眼动,0.3879287412140402,0.3742441875325991,80
6,30,eye_aoi_fixation_density_per_sec,眼动,0.3423673486318827,0.35802514437453903,80
6,30,eye_aoi_coverage_ratio,眼动,0.3879249830770284,0.3144253718526879,80
6,30,eye_aoi_max_share,眼动,0.3781179450691132,0.30976688825496107,80
6,30,eye_aoi_entropy,眼动,0.4051840099860431,0.34403521455833347,80
6,30,eye_aoi_pupil_weighted_mean,眼动,0.5152049334883043,0.4875240664912936,80
6,30,blink_count,眼动,0.14425979346933843,0.13603243590021988,80
6,30,blink_rate_per_min,眼动,0.14425979346933843,0.13603243590021988,80
6,30,blink_duration_mean_ms,眼动,0.059050649375319966,0.03955676810994312,80
6,30,blink_duration_std_ms,眼动,0.025340525751136947,0.01779967951814142,72
6,30,blink_duration_median_ms,眼动,0.037761044132990175,0.012706435050696057,80
6,30,blink_total_duration_ratio,眼动,0.1094960571734756,0.1429355688458073,80
6,30,log_action_count_win,行为,0.2149286711073784,0.22216609436296605,80
6,30,log_unique_device_count_win,行为,0.23794862465510014,0.24166537953258257,80
6,30,log_action_density_win,行为,0.21492867110737834,0.22216609436296605,80
6,30,log_correct_action_count_win,行为,0.20748535306814692,0.22154485500056886,79
6,30,log_error_action_count_win,行为,-0.03825055936617395,-0.018579706124340605,62
6,30,log_duplicate_action_count_win,行为,-0.022556390977443608,0.01974686640588334,29
6,30,log_extra_action_count_win,行为,-0.05217391304347828,-0.029952294108180202,61
6,30,log_disallowed_action_count_win,行为,0.003452485534789063,0.016267970786796968,74
6,30,log_error_rate_win,行为,0.01508540316030062,0.061474596925563244,74
6,30,log_duplicate_rate_win,行为,-0.018207402490118842,0.06899671821243683,29
6,30,log_extra_rate_win,行为,-0.02881027135255576,0.013125474582463078,61
6,30,log_unique_step_count_win,行为,0.2771394845563643,0.26057946402614485,79
