模态,特征名,特征序号,MI_mean,MI_std
心率,hr_slope_bpm_per_min__slope,131,0.204287,0.02773
心率,hr_max__std,125,0.105273,0.055207
心率,hr_min__slope,123,0.103376,0.015869
心率,hr_slope_bpm_per_min__mean,128,0.091137,0.029375
心率,hr_mean__slope,115,0.063676,0.039037
心率,hr_std__std,117,0.0475,0.050425
心率,hr_slope_bpm_per_min__std,129,0.045648,0.038405
心率,hr_max__slope,127,0.014396,0.017639
心率,hr_mean__std,113,0.014314,0.016414
心率,hr_std__slope,119,0.014009,0.027355
心率,hr_min__std,121,0.007006,0.004543
心率,hr_max__median,126,0.005886,0.009246
心率,hr_std__mean,116,0.003887,0.007775
心率,hr_std__median,118,0.002064,0.002265
心率,hr_mean__mean,112,0.0,0.0
心率,hr_mean__median,114,0.0,0.0
心率,hr_min__mean,120,0.0,0.0
心率,hr_min__median,122,0.0,0.0
心率,hr_max__mean,124,0.0,0.0
心率,hr_slope_bpm_per_min__median,130,0.0,0.0
眼动,eye_aoi_unique_hit_n__std,161,0.322963,0.051715
眼动,eye_aoi_interval_n__std,157,0.264401,0.062773
眼动,eye_aoi_coverage_ratio__slope,179,0.242261,0.060557
眼动,eye_aoi_interval_n__median,158,0.241053,0.047895
眼动,eye_aoi_interval_n__mean,156,0.236054,0.047423
眼动,eye_pupil_filtered_std__slope,139,0.179587,0.034294
眼动,eye_aoi_total_fix_ms__slope,167,0.16794,0.03501
眼动,eye_aoi_coverage_ratio__mean,176,0.157582,0.046638
眼动,eye_aoi_max_share__slope,183,0.155491,0.015362
眼动,eye_aoi_entropy__mean,184,0.146577,0.046044
眼动,eye_aoi_entropy__median,186,0.144642,0.045596
眼动,eye_aoi_interval_n__slope,159,0.144414,0.045839
眼动,eye_aoi_max_share__median,182,0.13988,0.094235
眼动,eye_aoi_unique_hit_n__slope,163,0.137108,0.046656
眼动,blink_duration_median_ms__std,209,0.133155,0.080808
眼动,eye_aoi_fixation_n__std,169,0.116512,0.040585
眼动,eye_aoi_fixation_density_per_sec__slope,175,0.113831,0.063283
眼动,eye_aoi_fixation_density_per_sec__std,173,0.113023,0.035789
眼动,eye_aoi_entropy__slope,187,0.112695,0.050624
眼动,eye_aoi_total_fix_ms__std,165,0.108441,0.034105
眼动,eye_aoi_fixation_n__mean,168,0.106679,0.045357
眼动,eye_aoi_fixation_density_per_sec__mean,172,0.098986,0.049233
眼动,blink_count__mean,192,0.0981,0.03728
眼动,blink_rate_per_min__mean,196,0.0981,0.03728
眼动,eye_aoi_coverage_ratio__median,178,0.094374,0.060269
眼动,eye_aoi_unique_hit_n__mean,160,0.093028,0.053156
眼动,eye_aoi_total_fix_ms__mean,164,0.092988,0.047459
眼动,eye_aoi_fixation_n__slope,171,0.092486,0.052254
眼动,eye_aoi_entropy__std,185,0.089251,0.039901
眼动,blink_duration_std_ms__slope,207,0.087567,0.012799
眼动,eye_aoi_unique_hit_n__median,162,0.087435,0.035794
眼动,blink_total_duration_ratio__mean,212,0.082996,0.038189
眼动,eye_eyes_not_found_ratio__median,154,0.078714,0.057643
眼动,eye_aoi_coverage_ratio__std,177,0.078646,0.019874
眼动,blink_duration_median_ms__slope,211,0.073353,0.042099
眼动,blink_duration_std_ms__mean,204,0.070399,0.049422
眼动,blink_duration_mean_ms__slope,203,0.065262,0.048774
眼动,blink_total_duration_ratio__slope,215,0.064195,0.043628
眼动,eye_eyes_not_found_ratio__slope,155,0.060709,0.052727
眼动,blink_duration_mean_ms__mean,200,0.059453,0.056477
眼动,eye_valid_ratio__std,141,0.056585,0.042585
眼动,eye_saccade_ratio__std,149,0.055755,0.025763
眼动,eye_aoi_total_fix_ms__median,166,0.053646,0.052918
眼动,blink_rate_per_min__median,198,0.052768,0.03338
眼动,blink_count__std,193,0.052325,0.0543
眼动,blink_rate_per_min__std,197,0.052325,0.0543
眼动,eye_eyes_not_found_ratio__mean,152,0.049181,0.049465
眼动,eye_fixation_ratio__std,145,0.0483,0.054679
眼动,blink_duration_std_ms__median,206,0.046814,0.026728
眼动,blink_duration_median_ms__median,210,0.046427,0.040808
眼动,blink_total_duration_ratio__median,214,0.04591,0.043437
眼动,blink_duration_mean_ms__median,202,0.044975,0.041469
眼动,eye_aoi_pupil_weighted_mean__slope,191,0.04374,0.062449
眼动,eye_aoi_pupil_weighted_mean__std,189,0.04084,0.014756
眼动,blink_duration_median_ms__mean,208,0.038609,0.040857
眼动,blink_count__slope,195,0.038528,0.025978
眼动,blink_rate_per_min__slope,199,0.038528,0.025978
眼动,blink_total_duration_ratio__std,213,0.037253,0.020071
眼动,eye_valid_ratio__slope,143,0.036686,0.028192
眼动,blink_count__median,194,0.036419,0.039803
眼动,eye_aoi_max_share__mean,180,0.031137,0.016423
眼动,eye_aoi_fixation_density_per_sec__median,174,0.030777,0.040392
眼动,eye_fixation_ratio__slope,147,0.029789,0.034467
眼动,eye_pupil_filtered_mean__slope,135,0.027589,0.024198
眼动,eye_eyes_not_found_ratio__std,153,0.026772,0.030309
眼动,eye_saccade_ratio__mean,148,0.024774,0.030603
眼动,eye_aoi_pupil_weighted_mean__mean,188,0.024648,0.049295
眼动,eye_fixation_ratio__median,146,0.024599,0.030137
眼动,eye_pupil_filtered_mean__std,133,0.018012,0.02159
眼动,blink_duration_mean_ms__std,201,0.017953,0.035785
眼动,eye_pupil_filtered_std__median,138,0.01556,0.012955
眼动,eye_pupil_filtered_std__mean,136,0.015309,0.019658
眼动,eye_fixation_ratio__mean,144,0.0151,0.022151
眼动,eye_saccade_ratio__slope,151,0.013899,0.027799
眼动,eye_aoi_max_share__std,181,0.012514,0.012706
眼动,eye_pupil_filtered_mean__mean,132,0.00832,0.01664
眼动,eye_pupil_filtered_std__std,137,0.007309,0.014617
眼动,eye_valid_ratio__mean,140,0.005153,0.010217
眼动,eye_aoi_pupil_weighted_mean__median,190,0.003003,0.006005
眼动,blink_duration_std_ms__std,205,0.002622,0.002646
眼动,eye_aoi_fixation_n__median,170,0.001717,0.003434
眼动,eye_pupil_filtered_mean__median,134,0.0,0.0
眼动,eye_valid_ratio__median,142,0.0,0.0
眼动,eye_saccade_ratio__median,150,0.0,0.0
脑电,eeg_parietal_theta_power_z_within_subject__slope,63,0.290145,0.047344
脑电,eeg_central_theta_alpha_z_within_subject__slope,51,0.204018,0.06067
脑电,eeg_frontal_gamma_power_z_within_subject__std,17,0.160247,0.035156
脑电,eeg_central_beta_power_z_within_subject__slope,43,0.147082,0.047743
脑电,eeg_parietal_beta_alpha_z_within_subject__slope,83,0.144366,0.063358
脑电,eeg_parietal_theta_alpha_z_within_subject__slope,79,0.144306,0.035958
脑电,eeg_central_alpha_power_z_within_subject__slope,39,0.140218,0.053457
脑电,eeg_parietal_beta_power_z_within_subject__slope,71,0.136773,0.060178
脑电,eeg_central_theta_power_z_within_subject__slope,35,0.121323,0.087455
脑电,eeg_frontal_delta_power_z_within_subject__slope,3,0.118025,0.024752
脑电,eeg_occipital_beta_alpha_z_within_subject__slope,111,0.11699,0.036503
脑电,eeg_parietal_beta_alpha_z_within_subject__std,81,0.115262,0.032568
脑电,eeg_parietal_delta_power_z_within_subject__slope,59,0.115194,0.07863
脑电,eeg_central_gamma_power_z_within_subject__std,45,0.108068,0.063837
脑电,eeg_occipital_gamma_power_z_within_subject__std,101,0.104729,0.033936
脑电,eeg_parietal_beta_power_z_within_subject__median,70,0.102632,0.061386
脑电,eeg_central_alpha_power_z_within_subject__median,38,0.100429,0.049809
脑电,eeg_parietal_theta_power_z_within_subject__median,62,0.099339,0.040662
脑电,eeg_parietal_delta_power_z_within_subject__mean,56,0.099236,0.049768
脑电,eeg_occipital_theta_power_z_within_subject__mean,88,0.099033,0.073239
脑电,eeg_occipital_theta_power_z_within_subject__median,90,0.098211,0.053411
脑电,eeg_central_gamma_power_z_within_subject__slope,47,0.094646,0.053538
脑电,eeg_occipital_theta_power_z_within_subject__slope,91,0.09456,0.041283
脑电,eeg_parietal_gamma_power_z_within_subject__mean,72,0.094261,0.068934
脑电,eeg_central_beta_power_z_within_subject__median,42,0.09069,0.017335
脑电,eeg_parietal_theta_alpha_z_within_subject__std,77,0.08926,0.047743
脑电,eeg_frontal_beta_alpha_z_within_subject__std,25,0.08699,0.025448
脑电,eeg_central_alpha_power_z_within_subject__std,37,0.085784,0.028697
脑电,eeg_central_beta_alpha_z_within_subject__slope,55,0.084913,0.032344
脑电,eeg_central_delta_power_z_within_subject__slope,31,0.08413,0.068045
脑电,eeg_occipital_theta_alpha_z_within_subject__slope,107,0.081152,0.042878
脑电,eeg_parietal_gamma_power_z_within_subject__std,73,0.080664,0.055361
脑电,eeg_parietal_gamma_power_z_within_subject__median,74,0.07975,0.035006
脑电,eeg_parietal_theta_alpha_z_within_subject__mean,76,0.077294,0.028459
脑电,eeg_frontal_beta_alpha_z_within_subject__slope,27,0.076432,0.043388
脑电,eeg_frontal_delta_power_z_within_subject__median,2,0.075191,0.054733
脑电,eeg_frontal_theta_power_z_within_subject__median,6,0.073162,0.049331
脑电,eeg_central_beta_alpha_z_within_subject__median,54,0.071392,0.036553
脑电,eeg_occipital_gamma_power_z_within_subject__mean,100,0.070665,0.034457
脑电,eeg_occipital_beta_alpha_z_within_subject__std,109,0.069907,0.048633
脑电,eeg_frontal_theta_power_z_within_subject__slope,7,0.069397,0.033706
脑电,eeg_occipital_gamma_power_z_within_subject__slope,103,0.068704,0.028137
脑电,eeg_frontal_beta_power_z_within_subject__slope,15,0.064867,0.037463
脑电,eeg_occipital_beta_power_z_within_subject__mean,96,0.064751,0.054634
脑电,eeg_frontal_beta_power_z_within_subject__std,13,0.055722,0.046002
脑电,eeg_frontal_gamma_power_z_within_subject__slope,19,0.053086,0.033503
脑电,eeg_parietal_theta_alpha_z_within_subject__median,78,0.052286,0.034187
脑电,eeg_frontal_alpha_power_z_within_subject__slope,11,0.050137,0.059851
脑电,eeg_central_beta_alpha_z_within_subject__std,53,0.048493,0.048955
脑电,eeg_frontal_theta_power_z_within_subject__std,5,0.048449,0.045423
脑电,eeg_parietal_alpha_power_z_within_subject__mean,64,0.047239,0.021619
脑电,eeg_occipital_beta_power_z_within_subject__std,97,0.046747,0.027231
脑电,eeg_frontal_gamma_power_z_within_subject__median,18,0.045966,0.019552
脑电,eeg_parietal_beta_power_z_within_subject__mean,68,0.044906,0.041293
脑电,eeg_central_theta_power_z_within_subject__median,34,0.044326,0.037386
脑电,eeg_central_theta_power_z_within_subject__mean,32,0.043619,0.043542
脑电,eeg_frontal_theta_alpha_z_within_subject__slope,23,0.042406,0.041863
脑电,eeg_occipital_alpha_power_z_within_subject__std,93,0.0411,0.0396
脑电,eeg_central_gamma_power_z_within_subject__mean,44,0.041079,0.066064
脑电,eeg_frontal_theta_alpha_z_within_subject__median,22,0.039304,0.017379
脑电,eeg_occipital_alpha_power_z_within_subject__slope,95,0.03761,0.025828
脑电,eeg_occipital_theta_power_z_within_subject__std,89,0.034124,0.032234
脑电,eeg_central_gamma_power_z_within_subject__median,46,0.034076,0.040101
脑电,eeg_frontal_delta_power_z_within_subject__mean,0,0.033847,0.022027
脑电,eeg_central_beta_alpha_z_within_subject__mean,52,0.033714,0.04696
脑电,eeg_occipital_beta_power_z_within_subject__slope,99,0.03341,0.035346
脑电,eeg_central_theta_alpha_z_within_subject__mean,48,0.033389,0.037602
脑电,eeg_frontal_gamma_power_z_within_subject__mean,16,0.032644,0.027727
脑电,eeg_central_theta_alpha_z_within_subject__median,50,0.028989,0.01881
脑电,eeg_central_theta_alpha_z_within_subject__std,49,0.028385,0.023171
脑电,eeg_frontal_beta_alpha_z_within_subject__median,26,0.027999,0.024602
脑电,eeg_occipital_theta_alpha_z_within_subject__std,105,0.025653,0.040574
脑电,eeg_occipital_delta_power_z_within_subject__slope,87,0.023841,0.029068
脑电,eeg_frontal_beta_power_z_within_subject__mean,12,0.023319,0.019679
脑电,eeg_frontal_alpha_power_z_within_subject__mean,8,0.02181,0.018477
脑电,eeg_frontal_alpha_power_z_within_subject__std,9,0.021752,0.021958
脑电,eeg_frontal_theta_power_z_within_subject__mean,4,0.021216,0.031752
脑电,eeg_central_delta_power_z_within_subject__mean,28,0.021079,0.03591
脑电,eeg_occipital_alpha_power_z_within_subject__median,94,0.019991,0.022199
脑电,eeg_central_alpha_power_z_within_subject__mean,36,0.019886,0.039772
脑电,eeg_parietal_alpha_power_z_within_subject__std,65,0.017498,0.027794
脑电,eeg_parietal_delta_power_z_within_subject__median,58,0.015528,0.021288
脑电,eeg_frontal_alpha_power_z_within_subject__median,10,0.01544,0.014828
脑电,eeg_frontal_theta_alpha_z_within_subject__mean,20,0.014771,0.029542
脑电,eeg_occipital_delta_power_z_within_subject__std,85,0.014603,0.029205
脑电,eeg_occipital_alpha_power_z_within_subject__mean,92,0.013047,0.02354
脑电,eeg_occipital_gamma_power_z_within_subject__median,102,0.012667,0.022377
脑电,eeg_occipital_theta_alpha_z_within_subject__mean,104,0.011518,0.015223
脑电,eeg_occipital_beta_power_z_within_subject__median,98,0.010851,0.020019
脑电,eeg_parietal_alpha_power_z_within_subject__slope,67,0.009784,0.011686
脑电,eeg_occipital_theta_alpha_z_within_subject__median,106,0.008659,0.010686
脑电,eeg_parietal_theta_power_z_within_subject__mean,60,0.008043,0.008277
脑电,eeg_central_beta_power_z_within_subject__mean,40,0.007897,0.015795
脑电,eeg_occipital_beta_alpha_z_within_subject__mean,108,0.007742,0.015483
脑电,eeg_central_beta_power_z_within_subject__std,41,0.007198,0.014396
脑电,eeg_central_theta_power_z_within_subject__std,33,0.006873,0.009168
脑电,eeg_frontal_theta_alpha_z_within_subject__std,21,0.006675,0.011468
脑电,eeg_parietal_theta_power_z_within_subject__std,61,0.005549,0.009764
脑电,eeg_occipital_delta_power_z_within_subject__median,86,0.004503,0.006108
脑电,eeg_occipital_beta_alpha_z_within_subject__median,110,0.004467,0.008933
脑电,eeg_frontal_delta_power_z_within_subject__std,1,0.004126,0.007335
脑电,eeg_parietal_gamma_power_z_within_subject__slope,75,0.003691,0.00452
脑电,eeg_parietal_beta_power_z_within_subject__std,69,0.003681,0.007362
脑电,eeg_frontal_beta_alpha_z_within_subject__mean,24,0.002972,0.005945
脑电,eeg_central_delta_power_z_within_subject__median,30,0.002972,0.005944
脑电,eeg_parietal_beta_alpha_z_within_subject__median,82,0.002675,0.004384
脑电,eeg_frontal_beta_power_z_within_subject__median,14,0.001758,0.003516
脑电,eeg_parietal_alpha_power_z_within_subject__median,66,0.000477,0.000954
脑电,eeg_central_delta_power_z_within_subject__std,29,0.000344,0.000688
脑电,eeg_parietal_delta_power_z_within_subject__std,57,0.0,0.0
脑电,eeg_parietal_beta_alpha_z_within_subject__mean,80,0.0,0.0
脑电,eeg_occipital_delta_power_z_within_subject__mean,84,0.0,0.0
行为,log_unique_step_count_win__mean,260,0.225372,0.078013
行为,log_unique_step_count_win__std,261,0.216881,0.050607
行为,log_action_count_win__slope,219,0.175839,0.042076
行为,log_action_density_win__slope,227,0.175839,0.042076
行为,log_correct_action_count_win__std,229,0.162548,0.052274
行为,log_unique_device_count_win__slope,223,0.159395,0.061406
行为,log_unique_step_count_win__slope,263,0.155936,0.040349
行为,log_action_count_win__std,217,0.155399,0.092129
行为,log_action_density_win__std,225,0.155399,0.092129
行为,log_error_action_count_win__std,233,0.146295,0.097061
行为,log_unique_device_count_win__mean,220,0.135539,0.022352
行为,log_correct_action_count_win__slope,231,0.132861,0.023294
行为,log_action_count_win__mean,216,0.128608,0.033996
行为,log_action_density_win__mean,224,0.128608,0.033996
行为,log_error_action_count_win__slope,235,0.128338,0.027793
行为,log_action_density_win__median,226,0.112499,0.036428
行为,log_error_rate_win__slope,251,0.108544,0.027662
行为,log_error_rate_win__std,249,0.105687,0.033428
行为,log_error_rate_win__mean,248,0.105332,0.039662
行为,log_action_count_win__median,218,0.103969,0.031786
行为,log_extra_action_count_win__std,241,0.103787,0.08203
行为,log_unique_device_count_win__std,221,0.083124,0.047366
行为,log_extra_action_count_win__slope,243,0.081749,0.030904
行为,log_disallowed_action_count_win__mean,244,0.080196,0.015157
行为,log_unique_step_count_win__median,262,0.079622,0.027359
行为,log_error_action_count_win__mean,232,0.078814,0.064058
行为,log_duplicate_action_count_win__std,237,0.077674,0.041702
行为,log_extra_rate_win__slope,259,0.077124,0.016408
行为,log_unique_device_count_win__median,222,0.075736,0.02803
行为,log_disallowed_action_count_win__std,245,0.071242,0.054318
行为,log_correct_action_count_win__mean,228,0.06851,0.071686
行为,log_disallowed_action_count_win__slope,247,0.067319,0.029657
行为,log_extra_action_count_win__mean,240,0.061555,0.04328
行为,log_duplicate_rate_win__std,253,0.06059,0.038711
行为,log_duplicate_action_count_win__mean,236,0.055753,0.016556
行为,log_duplicate_rate_win__mean,252,0.055142,0.033296
行为,log_error_rate_win__median,250,0.041127,0.02769
行为,log_duplicate_rate_win__slope,255,0.032593,0.032373
行为,log_extra_action_count_win__median,242,0.026046,0.011647
行为,log_extra_rate_win__median,258,0.02599,0.012373
行为,log_duplicate_action_count_win__slope,239,0.025064,0.021152
行为,log_correct_action_count_win__median,230,0.024051,0.01583
行为,log_duplicate_action_count_win__median,238,0.023177,0.01016
行为,log_extra_rate_win__mean,256,0.021979,0.022746
行为,log_disallowed_action_count_win__median,246,0.019386,0.014251
行为,log_error_action_count_win__median,234,0.018581,0.022974
行为,log_extra_rate_win__std,257,0.014736,0.019988
行为,log_duplicate_rate_win__median,254,0.013749,0.009219
