group,file_name,operator_id,task_code,task_name,completed_step_count,standard_step_count,completion_rate,issue_step_count,issue_step_rate,log_action_count,total_action_count,total_issue_action_count,issue_action_rate,observed_error_action_count,error_action_count,extra_count,step_error_action_count,missing_count,missing_action_count,duplicate_action_count,step_error_step_count,missing_step_count,duplicate_count,duplicate_rate,issue_steps,step_error_steps,completion_missing_steps,extra_actions,step_error_actions,missing_actions,duplicate_actions,duplicate_steps,error_missing_steps
13,1305_06.txt,13,05_06,任务五/六（05_06）,9,12,0.75,6,0.5,73,89,51,0.573,27,27,9,18,3,16,8,3,3,2,0.1818,步骤1: 步骤一；步骤6: 步骤六；步骤9: 步骤九；步骤5: 步骤五；步骤8: 步骤八；步骤11: 步骤十一,步骤1: 步骤一；步骤6: 步骤六；步骤9: 步骤九,步骤5: 步骤五；步骤8: 步骤八；步骤11: 步骤十一,行27: set YL1RCV046VP_P.MANUAL=1（多做 | 不在该任务标准流程内）；行28: set YL1RCV046VP_P.MANUAL=0（多做 | 不在该任务标准流程内）；行29: set YL1RCV046VP_P.EXECUTE=1（多做 | 不在该任务标准流程内）；行30: set YL1RCV046VP_P.EXECUTE=0（多做 | 不在该任务标准流程内）；行63: set _CRPVLM3.Output_i=1（多做 | 不在该任务标准流程内）；行64: set YL1RCV048VP_P.OPEN=1（多做 | 不在该任务标准流程内）；行65: set YL1RCV048VP_P.OPEN=0（多做 | 不在该任务标准流程内）；行66: set YL1RCV048VP_P.EXECUTE=1（多做 | 不在该任务标准流程内）；行67: set YL1RCV048VP_P.EXECUTE=0（多做 | 不在该任务标准流程内）,行14: set YL1RCV034VP_P.OPEN=1（错误 | 属于步骤1: 步骤一，但未形成完整步骤）；行15: set YL1RCV034VP_P.OPEN=0（错误 | 属于步骤1: 步骤一，但未形成完整步骤）；行16: set YL1RCV034VP_P.EXECUTE=1（错误 | 属于步骤1: 步骤一，但未形成完整步骤）；行17: set YL1RCV034VP_P.EXECUTE=0（错误 | 属于步骤1: 步骤一，但未形成完整步骤）；行18: set YL1RCV034VP_P.EXECUTE=1（错误 | 属于步骤1: 步骤一，但未形成完整步骤）；行19: set YL1RCV034VP_P.EXECUTE=0（错误 | 属于步骤1: 步骤一，但未形成完整步骤）；行20: set YL1RCV034VP_P.OPEN=1（错误 | 属于步骤1: 步骤一，但未形成完整步骤）；行21: set YL1RCV034VP_P.OPEN=0（错误 | 属于步骤1: 步骤一，但未形成完整步骤）；行22: set YL1RCV034VP_P.EXECUTE=1（错误 | 属于步骤1: 步骤一，但未形成完整步骤）；行23: set YL1RCV034VP_P.EXECUTE=0（错误 | 属于步骤1: 步骤一，但未形成完整步骤）；行24: set YL1RCV034VP_P.OPEN=1（错误 | 属于步骤1: 步骤一，但未形成完整步骤）；行25: set YL1RCV034VP_P.OPEN=0（错误 | 属于步骤1: 步骤一，但未形成完整步骤）；行59: set YL1RCV007VP_P.OPEN=1（错误 | 属于步骤6: 步骤六，但未完整复现整步，不计重复）；行60: set YL1RCV007VP_P.OPEN=0（错误 | 属于步骤6: 步骤六，但未完整复现整步，不计重复）；行61: set YL1RCV007VP_P.EXECUTE=1（错误 | 属于步骤6: 步骤六，但未完整复现整步，不计重复）；行62: set YL1RCV007VP_P.EXECUTE=0（错误 | 属于步骤6: 步骤六，但未完整复现整步，不计重复）；行72: set YL1RCV076VP_P.EXECUTE=1（错误 | 属于步骤9: 步骤九，但未形成完整步骤）；行73: set YL1RCV076VP_P.EXECUTE=0（错误 | 属于步骤9: 步骤九，但未形成完整步骤）,步骤5: 缺失动作 set YL1RCV061VP_P.SV=60；步骤5: 缺失动作 set YL1RCV061VP_P.EXECUTE=1；步骤5: 缺失动作 set YL1RCV061VP_P.EXECUTE=0；步骤5: 缺失动作 DCM pos_RCV061VP；步骤8: 缺失动作 set YL1RCV046VP_P.SV=50；步骤8: 缺失动作 set YL1RCV046VP_P.EXECUTE=1；步骤8: 缺失动作 set YL1RCV046VP_P.EXECUTE=0；步骤8: 缺失动作 set YL1RCV046VP_P.SV=55；步骤8: 缺失动作 DCM tr_RCV018MD；步骤11: 缺失动作 set YL1RCV078VP_P.OPEN=1；步骤11: 缺失动作 set YL1RCV078VP_P.OPEN=0；步骤11: 缺失动作 set YL1RCV078VP_P.EXECUTE=1；步骤11: 缺失动作 set YL1RCV078VP_P.EXECUTE=0；步骤11: 缺失动作 DCM mov_RCV078VP,行44: set YL1RCV009VP_P.OPEN=1（重复步骤 | 步骤6: 步骤六）；行45: set YL1RCV009VP_P.OPEN=0（重复步骤 | 步骤6: 步骤六）；行46: set YL1RCV009VP_P.EXECUTE=1（重复步骤 | 步骤6: 步骤六）；行47: set YL1RCV009VP_P.EXECUTE=0（重复步骤 | 步骤6: 步骤六）；行55: set YL1RCV009VP_P.OPEN=1（重复步骤 | 步骤6: 步骤六）；行56: set YL1RCV009VP_P.OPEN=0（重复步骤 | 步骤6: 步骤六）；行57: set YL1RCV009VP_P.EXECUTE=1（重复步骤 | 步骤6: 步骤六）；行58: set YL1RCV009VP_P.EXECUTE=0（重复步骤 | 步骤6: 步骤六）,步骤6: 步骤六,步骤5: 步骤五；步骤8: 步骤八；步骤11: 步骤十一
14,1405_06.txt,14,05_06,任务五/六（05_06）,5,12,0.4167,7,0.5833,40,71,51,0.7183,20,20,12,8,7,31,0,1,7,0,0.0,步骤6: 步骤六；步骤1: 步骤一；步骤5: 步骤五；步骤8: 步骤八；步骤9: 步骤九；步骤10: 步骤十；步骤11: 步骤十一,步骤6: 步骤六,步骤1: 步骤一；步骤5: 步骤五；步骤6: 步骤六；步骤8: 步骤八；步骤9: 步骤九；步骤10: 步骤十；步骤11: 步骤十一,行13: ICM tr_RCV021MD t:10（多做 | 不在该任务标准流程内）；行14: ICM tr_RCV022MD t:10（多做 | 不在该任务标准流程内）；行15: set YL1RCV048VP_P.OPEN=1（多做 | 不在该任务标准流程内）；行16: set YL1RCV048VP_P.OPEN=0（多做 | 不在该任务标准流程内）；行17: set YL1RCV048VP_P.EXECUTE=1（多做 | 不在该任务标准流程内）；行18: set YL1RCV048VP_P.EXECUTE=0（多做 | 不在该任务标准流程内）；行19: set YL1RCV046VP_P.MANUAL=1（多做 | 不在该任务标准流程内）；行20: set YL1RCV046VP_P.MANUAL=0（多做 | 不在该任务标准流程内）；行21: set YL1RCV046VP_P.EXECUTE=1（多做 | 不在该任务标准流程内）；行22: set YL1RCV046VP_P.EXECUTE=0（多做 | 不在该任务标准流程内）；行23: set YL1RCV046VP_P.EXECUTE=1（多做 | 不在该任务标准流程内）；行24: set YL1RCV046VP_P.EXECUTE=0（多做 | 不在该任务标准流程内）,行38: set YL1RCV007VP_P.OPEN=1（错误 | 属于步骤6: 步骤六，但未形成完整步骤）；行39: set YL1RCV007VP_P.OPEN=0（错误 | 属于步骤6: 步骤六，但未形成完整步骤）；行40: set YL1RCV007VP_P.EXECUTE=1（错误 | 属于步骤6: 步骤六，但未形成完整步骤）；行41: set YL1RCV007VP_P.EXECUTE=0（错误 | 属于步骤6: 步骤六，但未形成完整步骤）；行42: set YL1RCV007VP_P.OPEN=1（错误 | 属于步骤6: 步骤六，但未形成完整步骤）；行43: set YL1RCV007VP_P.OPEN=0（错误 | 属于步骤6: 步骤六，但未形成完整步骤）；行44: set YL1RCV007VP_P.EXECUTE=1（错误 | 属于步骤6: 步骤六，但未形成完整步骤）；行45: set YL1RCV007VP_P.EXECUTE=0（错误 | 属于步骤6: 步骤六，但未形成完整步骤）,步骤1: 缺失动作 set YL1RCV034VP_P.OPEN=1；步骤1: 缺失动作 set YL1RCV034VP_P.OPEN=0；步骤1: 缺失动作 set YL1RCV034VP_P.EXECUTE=1；步骤1: 缺失动作 set YL1RCV034VP_P.EXECUTE=0；步骤1: 缺失动作 DCM mov_RCV034VP；步骤5: 缺失动作 set YL1RCV061VP_P.SV=60；步骤5: 缺失动作 set YL1RCV061VP_P.EXECUTE=1；步骤5: 缺失动作 set YL1RCV061VP_P.EXECUTE=0；步骤5: 缺失动作 DCM pos_RCV061VP；步骤6: 未完成任一备选 步骤六；步骤8: 缺失动作 set YL1RCV046VP_P.SV=50；步骤8: 缺失动作 set YL1RCV046VP_P.EXECUTE=1；步骤8: 缺失动作 set YL1RCV046VP_P.EXECUTE=0；步骤8: 缺失动作 set YL1RCV046VP_P.SV=55；步骤8: 缺失动作 DCM tr_RCV018MD；步骤9: 缺失动作 set YL1RCV076VP_P.OPEN=1；步骤9: 缺失动作 set YL1RCV076VP_P.OPEN=0；步骤9: 缺失动作 set YL1RCV076VP_P.EXECUTE=1；步骤9: 缺失动作 set YL1RCV076VP_P.EXECUTE=0；步骤9: 缺失动作 DCM mov_RCV076VP；步骤10: 缺失动作 set YL1RCV077VP_P.OPEN=1；步骤10: 缺失动作 set YL1RCV077VP_P.OPEN=0；步骤10: 缺失动作 set YL1RCV077VP_P.EXECUTE=1；步骤10: 缺失动作 set YL1RCV077VP_P.EXECUTE=0；步骤11: 缺失动作 set YL1RCV078VP_P.OPEN=1；步骤11: 缺失动作 set YL1RCV078VP_P.OPEN=0；步骤11: 缺失动作 set YL1RCV078VP_P.EXECUTE=1；步骤11: 缺失动作 set YL1RCV078VP_P.EXECUTE=0；步骤11: 缺失动作 DCM mov_RCV078VP,,,步骤1: 步骤一；步骤5: 步骤五；步骤6: 步骤六；步骤8: 步骤八；步骤9: 步骤九；步骤10: 步骤十；步骤11: 步骤十一
15,1505_06.txt,15,05_06,任务五/六（05_06）,1,12,0.0833,11,0.9167,29,58,54,0.931,25,25,0,25,11,29,0,4,11,0,0.0,步骤1: 步骤一；步骤9: 步骤九；步骤11: 步骤十一；步骤5: 步骤五；步骤2: 步骤二；步骤3: 步骤三；步骤4: 步骤四；步骤6: 步骤六；步骤7: 步骤七；步骤8: 步骤八；步骤12: 步骤十二,步骤1: 步骤一；步骤9: 步骤九；步骤11: 步骤十一；步骤5: 步骤五,步骤1: 步骤一；步骤2: 步骤二；步骤3: 步骤三；步骤4: 步骤四；步骤5: 步骤五；步骤6: 步骤六；步骤7: 步骤七；步骤8: 步骤八；步骤9: 步骤九；步骤11: 步骤十一；步骤12: 步骤十二,,行10: set YL1RCV034VP_P.OPEN=1（错误 | 属于步骤1: 步骤一，但未形成完整步骤）；行11: set YL1RCV034VP_P.OPEN=0（错误 | 属于步骤1: 步骤一，但未形成完整步骤）；行12: set YL1RCV034VP_P.EXECUTE=1（错误 | 属于步骤1: 步骤一，但未形成完整步骤）；行13: set YL1RCV034VP_P.EXECUTE=0（错误 | 属于步骤1: 步骤一，但未形成完整步骤）；行14: set YL1RCV076VP_P.OPEN=1（错误 | 属于步骤9: 步骤九，但未形成完整步骤）；行15: set YL1RCV076VP_P.OPEN=0（错误 | 属于步骤9: 步骤九，但未形成完整步骤）；行16: set YL1RCV076VP_P.EXECUTE=1（错误 | 属于步骤9: 步骤九，但未形成完整步骤）；行17: set YL1RCV076VP_P.EXECUTE=0（错误 | 属于步骤9: 步骤九，但未形成完整步骤）；行22: set YL1RCV078VP_P.OPEN=1（错误 | 属于步骤11: 步骤十一，但未形成完整步骤）；行23: set YL1RCV078VP_P.OPEN=0（错误 | 属于步骤11: 步骤十一，但未形成完整步骤）；行24: set YL1RCV078VP_P.EXECUTE=1（错误 | 属于步骤11: 步骤十一，但未形成完整步骤）；行25: set YL1RCV078VP_P.EXECUTE=0（错误 | 属于步骤11: 步骤十一，但未形成完整步骤）；行26: set YL1RCV076VP_P.OPEN=1（错误 | 属于步骤9: 步骤九，但未形成完整步骤）；行27: set YL1RCV076VP_P.OPEN=0（错误 | 属于步骤9: 步骤九，但未形成完整步骤）；行28: set YL1RCV076VP_P.EXECUTE=1（错误 | 属于步骤9: 步骤九，但未形成完整步骤）；行29: set YL1RCV076VP_P.EXECUTE=0（错误 | 属于步骤9: 步骤九，但未形成完整步骤）；行30: set YL1RCV061VP_P.SV=60（错误 | 属于步骤5: 步骤五，但未形成完整步骤）；行31: set YL1RCV061VP_P.EXECUTE=1（错误 | 属于步骤5: 步骤五，但未形成完整步骤）；行32: set YL1RCV061VP_P.EXECUTE=0（错误 | 属于步骤5: 步骤五，但未形成完整步骤）；行33: set YL1RCV034VP_P.OPEN=1（错误 | 属于步骤1: 步骤一，但未形成完整步骤）；行34: set YL1RCV034VP_P.OPEN=0（错误 | 属于步骤1: 步骤一，但未形成完整步骤）；行35: set YL1RCV034VP_P.EXECUTE=1（错误 | 属于步骤1: 步骤一，但未形成完整步骤）；行36: set YL1RCV034VP_P.EXECUTE=0（错误 | 属于步骤1: 步骤一，但未形成完整步骤）；行37: set YL1RCV034VP_P.OPEN=1（错误 | 属于步骤1: 步骤一，但未形成完整步骤）；行38: set YL1RCV034VP_P.OPEN=0（错误 | 属于步骤1: 步骤一，但未形成完整步骤）,步骤1: 缺失动作 DCM mov_RCV034VP；步骤2: 缺失动作 set YL1RCV046VP_P.SV=0；步骤2: 缺失动作 set YL1RCV046VP_P.EXECUTE=1；步骤2: 缺失动作 set YL1RCV046VP_P.EXECUTE=0；步骤3: 缺失动作 set YL1RCV061VP_P.SV=0；步骤3: 缺失动作 set YL1RCV061VP_P.EXECUTE=1；步骤3: 缺失动作 set YL1RCV061VP_P.EXECUTE=0；步骤4: 未完成任一备选 步骤四；步骤5: 缺失动作 DCM pos_RCV061VP；步骤6: 未完成任一备选 步骤六；步骤7: 缺失动作 set YL1RCV046VP_P.SV=55；步骤7: 缺失动作 set YL1RCV046VP_P.EXECUTE=1；步骤7: 缺失动作 set YL1RCV046VP_P.EXECUTE=0；步骤8: 缺失动作 set YL1RCV046VP_P.SV=50；步骤8: 缺失动作 set YL1RCV046VP_P.EXECUTE=1；步骤8: 缺失动作 set YL1RCV046VP_P.EXECUTE=0；步骤8: 缺失动作 set YL1RCV046VP_P.SV=55；步骤8: 缺失动作 DCM tr_RCV018MD；步骤9: 缺失动作 DCM mov_RCV076VP；步骤11: 缺失动作 DCM mov_RCV078VP；步骤12: 缺失动作 set YL1RCV061VP_P.SV=100；步骤12: 缺失动作 set YL1RCV061VP_P.EXECUTE=1；步骤12: 缺失动作 set YL1RCV061VP_P.EXECUTE=0；步骤12: 缺失动作 set YL1RCV061VP_P.SV=60；步骤12: 缺失动作 DCM tr_RCV021MD,,,步骤1: 步骤一；步骤2: 步骤二；步骤3: 步骤三；步骤4: 步骤四；步骤5: 步骤五；步骤6: 步骤六；步骤7: 步骤七；步骤8: 步骤八；步骤9: 步骤九；步骤11: 步骤十一；步骤12: 步骤十二
16,1605_06.txt,16,05_06,任务五/六（05_06）,11,12,0.9167,7,0.5833,118,124,71,0.5726,59,59,24,35,1,6,6,5,1,2,0.1538,步骤1: 步骤一；步骤8: 步骤八；步骤9: 步骤九；步骤11: 步骤十一；步骤3: 步骤三；步骤2: 步骤二；步骤7: 步骤七,步骤1: 步骤一；步骤8: 步骤八；步骤9: 步骤九；步骤11: 步骤十一；步骤3: 步骤三,步骤8: 步骤八,行10: set YL1RCV033VP_P.OPEN=1（多做 | 不在该任务标准流程内）；行11: set YL1RCV033VP_P.OPEN=0（多做 | 不在该任务标准流程内）；行12: set YL1RCV033VP_P.EXECUTE=1（多做 | 不在该任务标准流程内）；行13: set YL1RCV033VP_P.EXECUTE=0（多做 | 不在该任务标准流程内）；行24: set YL1RCV222VP_P.OPEN=1（多做 | 不在该任务标准流程内）；行25: set YL1RCV222VP_P.OPEN=0（多做 | 不在该任务标准流程内）；行26: set YL1RCV222VP_P.OPEN=1（多做 | 不在该任务标准流程内）；行27: set YL1RCV222VP_P.OPEN=0（多做 | 不在该任务标准流程内）；行28: set YL1RCV222VP_P.EXECUTE=1（多做 | 不在该任务标准流程内）；行29: set YL1RCV222VP_P.EXECUTE=0（多做 | 不在该任务标准流程内）；行30: set YL1RCV223VP_P.OPEN=1（多做 | 不在该任务标准流程内）；行31: set YL1RCV223VP_P.OPEN=0（多做 | 不在该任务标准流程内）；行32: set YL1RCV223VP_P.EXECUTE=1（多做 | 不在该任务标准流程内）；行33: set YL1RCV223VP_P.EXECUTE=0（多做 | 不在该任务标准流程内）；行38: set YL1RCV033VP_P.OPEN=1（多做 | 不在该任务标准流程内）；行39: set YL1RCV033VP_P.OPEN=0（多做 | 不在该任务标准流程内）；行40: set YL1RCV033VP_P.EXECUTE=1（多做 | 不在该任务标准流程内）；行41: set YL1RCV033VP_P.EXECUTE=0（多做 | 不在该任务标准流程内）；行53: set YL1RCV046VP_P.MANUAL=1（多做 | 不在该任务标准流程内）；行54: set YL1RCV046VP_P.MANUAL=0（多做 | 不在该任务标准流程内）；行55: set YL1RCV046VP_P.EXECUTE=1（多做 | 不在该任务标准流程内）；行56: set YL1RCV046VP_P.EXECUTE=0（多做 | 不在该任务标准流程内）；行98: ICM mov_RCV078VP t:5（多做 | 不在该任务标准流程内）；行100: ICM mov_RCV076VP t:5（多做 | 不在该任务标准流程内）,行18: set YL1RCV034VP_P.OPEN=1（错误 | 属于步骤1: 步骤一，但未形成完整步骤）；行19: set YL1RCV034VP_P.OPEN=0（错误 | 属于步骤1: 步骤一，但未形成完整步骤）；行20: set YL1RCV034VP_P.OPEN=1（错误 | 属于步骤1: 步骤一，但未形成完整步骤）；行21: set YL1RCV034VP_P.OPEN=0（错误 | 属于步骤1: 步骤一，但未形成完整步骤）；行22: set YL1RCV034VP_P.EXECUTE=1（错误 | 属于步骤1: 步骤一，但未形成完整步骤）；行23: set YL1RCV034VP_P.EXECUTE=0（错误 | 属于步骤1: 步骤一，但未形成完整步骤）；行34: set YL1RCV034VP_P.OPEN=1（错误 | 属于步骤1: 步骤一，但未形成完整步骤）；行35: set YL1RCV034VP_P.OPEN=0（错误 | 属于步骤1: 步骤一，但未形成完整步骤）；行36: set YL1RCV034VP_P.OPEN=1（错误 | 属于步骤1: 步骤一，但未形成完整步骤）；行37: set YL1RCV034VP_P.OPEN=0（错误 | 属于步骤1: 步骤一，但未形成完整步骤）；行42: set YL1RCV034VP_P.OPEN=1（错误 | 属于步骤1: 步骤一，但未形成完整步骤）；行43: set YL1RCV034VP_P.OPEN=0（错误 | 属于步骤1: 步骤一，但未形成完整步骤）；行44: set YL1RCV034VP_P.OPEN=1（错误 | 属于步骤1: 步骤一，但未形成完整步骤）；行45: set YL1RCV034VP_P.OPEN=0（错误 | 属于步骤1: 步骤一，但未形成完整步骤）；行46: set YL1RCV034VP_P.EXECUTE=1（错误 | 属于步骤1: 步骤一，但未形成完整步骤）；行47: set YL1RCV034VP_P.EXECUTE=0（错误 | 属于步骤1: 步骤一，但未形成完整步骤）；行49: set YL1RCV034VP_P.OPEN=1（错误 | 属于步骤1: 步骤一，但未完整复现整步，不计重复）；行50: set YL1RCV034VP_P.OPEN=0（错误 | 属于步骤1: 步骤一，但未完整复现整步，不计重复）；行51: set YL1RCV034VP_P.EXECUTE=1（错误 | 属于步骤1: 步骤一，但未完整复现整步，不计重复）；行52: set YL1RCV034VP_P.EXECUTE=0（错误 | 属于步骤1: 步骤一，但未完整复现整步，不计重复）；行77: DCM tr_RCV018MD（错误 | 属于步骤8: 步骤八，但未形成完整步骤）；行82: set YL1RCV076VP_P.OPEN=1（错误 | 属于步骤9: 步骤九，但未形成完整步骤）；行83: set YL1RCV076VP_P.OPEN=0（错误 | 属于步骤9: 步骤九，但未形成完整步骤）；行84: set YL1RCV076VP_P.EXECUTE=1（错误 | 属于步骤9: 步骤九，但未形成完整步骤）；行85: set YL1RCV076VP_P.EXECUTE=0（错误 | 属于步骤9: 步骤九，但未形成完整步骤）；行94: set YL1RCV078VP_P.OPEN=1（错误 | 属于步骤11: 步骤十一，但未形成完整步骤）；行95: set YL1RCV078VP_P.OPEN=0（错误 | 属于步骤11: 步骤十一，但未形成完整步骤）；行96: set YL1RCV078VP_P.EXECUTE=1（错误 | 属于步骤11: 步骤十一，但未形成完整步骤）；行97: set YL1RCV078VP_P.EXECUTE=0（错误 | 属于步骤11: 步骤十一，但未形成完整步骤）；行102: set YL1RCV061VP_P.EXECUTE=1（错误 | 属于步骤3: 步骤三，但未完整复现整步，不计重复）；行103: set YL1RCV061VP_P.EXECUTE=0（错误 | 属于步骤3: 步骤三，但未完整复现整步，不计重复）；行105: set YL1RCV061VP_P.EXECUTE=1（错误 | 属于步骤3: 步骤三，但未完整复现整步，不计重复）；行106: set YL1RCV061VP_P.EXECUTE=0（错误 | 属于步骤3: 步骤三，但未完整复现整步，不计重复）；行125: set YL1RCV076VP_P.OPEN=1（错误 | 属于步骤9: 步骤九，但未完整复现整步，不计重复）；行126: set YL1RCV076VP_P.OPEN=0（错误 | 属于步骤9: 步骤九，但未完整复现整步，不计重复）,步骤8: 缺失动作 set YL1RCV046VP_P.SV=50；步骤8: 缺失动作 set YL1RCV046VP_P.EXECUTE=1；步骤8: 缺失动作 set YL1RCV046VP_P.EXECUTE=0；步骤8: 缺失动作 set YL1RCV046VP_P.SV=55,行113: set YL1RCV046VP_P.SV=0（重复步骤 | 步骤2: 步骤二）；行114: set YL1RCV046VP_P.EXECUTE=1（重复步骤 | 步骤2: 步骤二）；行115: set YL1RCV046VP_P.EXECUTE=0（重复步骤 | 步骤2: 步骤二）；行122: set YL1RCV046VP_P.SV=55（重复步骤 | 步骤7: 步骤七）；行123: set YL1RCV046VP_P.EXECUTE=1（重复步骤 | 步骤7: 步骤七）；行124: set YL1RCV046VP_P.EXECUTE=0（重复步骤 | 步骤7: 步骤七）,步骤2: 步骤二；步骤7: 步骤七,步骤8: 步骤八
17,1705_06.txt,17,05_06,任务五/六（05_06）,12,12,1.0,0,0.0,57,57,0,0.0,0,0,0,0,0,0,0,0,0,0,0.0,,,,,,,,,
18,1805_06.txt,18,05_06,任务五/六（05_06）,11,12,0.9167,1,0.0833,59,59,9,0.1525,9,9,4,5,1,0,0,1,1,0,0.0,步骤1: 步骤一,步骤1: 步骤一,步骤1: 步骤一,行15: set YL1RCV046VP_P.MANUAL=1（多做 | 不在该任务标准流程内）；行16: set YL1RCV046VP_P.MANUAL=0（多做 | 不在该任务标准流程内）；行17: set YL1RCV046VP_P.EXECUTE=1（多做 | 不在该任务标准流程内）；行18: set YL1RCV046VP_P.EXECUTE=0（多做 | 不在该任务标准流程内）,行10: DCM mov_RCV034VP（错误 | 属于步骤1: 步骤一，但未形成完整步骤）；行11: set YL1RCV034VP_P.OPEN=1（错误 | 属于步骤1: 步骤一，但未形成完整步骤）；行12: set YL1RCV034VP_P.OPEN=0（错误 | 属于步骤1: 步骤一，但未形成完整步骤）；行13: set YL1RCV034VP_P.EXECUTE=1（错误 | 属于步骤1: 步骤一，但未形成完整步骤）；行14: set YL1RCV034VP_P.EXECUTE=0（错误 | 属于步骤1: 步骤一，但未形成完整步骤）,,,,步骤1: 步骤一
19,1905_06.txt,19,05_06,任务五/六（05_06）,12,12,1.0,4,0.3333,84,84,27,0.3214,18,18,6,12,0,0,9,2,0,3,0.2,步骤1: 步骤一；步骤3: 步骤三；步骤7: 步骤七；步骤2: 步骤二,步骤1: 步骤一；步骤3: 步骤三,,"行23: set YL1RCV046VP_P.MANUAL=1（多做 | 不在该任务标准流程内）；行24: set YL1RCV046VP_P.MANUAL=0（多做 | 不在该任务标准流程内）；行25: set YL1RCV046VP_P.EXECUTE=1（多做 | 不在该任务标准流程内）；行26: set YL1RCV046VP_P.EXECUTE=0（多做 | 不在该任务标准流程内）；行49: insmp tr_RCV011MN.Output（多做 | 不在该任务标准流程内）；行50: changemp tr_RCV011MN.Output 0,0,,Time filtered transmitter Output（多做 | 不在该任务标准流程内）",行14: set YL1RCV034VP_P.OPEN=1（错误 | 属于步骤1: 步骤一，但未形成完整步骤）；行15: set YL1RCV034VP_P.OPEN=0（错误 | 属于步骤1: 步骤一，但未形成完整步骤）；行16: set YL1RCV034VP_P.EXECUTE=1（错误 | 属于步骤1: 步骤一，但未形成完整步骤）；行17: set YL1RCV034VP_P.EXECUTE=0（错误 | 属于步骤1: 步骤一，但未形成完整步骤）；行18: set YL1RCV034VP_P.OPEN=1（错误 | 属于步骤1: 步骤一，但未形成完整步骤）；行19: set YL1RCV034VP_P.OPEN=0（错误 | 属于步骤1: 步骤一，但未形成完整步骤）；行20: set YL1RCV034VP_P.EXECUTE=1（错误 | 属于步骤1: 步骤一，但未形成完整步骤）；行21: set YL1RCV034VP_P.EXECUTE=0（错误 | 属于步骤1: 步骤一，但未形成完整步骤）；行47: set YL1RCV061VP_P.EXECUTE=1（错误 | 属于步骤3: 步骤三，但未完整复现整步，不计重复）；行48: set YL1RCV061VP_P.EXECUTE=0（错误 | 属于步骤3: 步骤三，但未完整复现整步，不计重复）；行72: set YL1RCV061VP_P.EXECUTE=1（错误 | 属于步骤3: 步骤三，但未完整复现整步，不计重复）；行73: set YL1RCV061VP_P.EXECUTE=0（错误 | 属于步骤3: 步骤三，但未完整复现整步，不计重复）,,行55: set YL1RCV046VP_P.SV=55（重复步骤 | 步骤7: 步骤七）；行56: set YL1RCV046VP_P.EXECUTE=1（重复步骤 | 步骤7: 步骤七）；行57: set YL1RCV046VP_P.EXECUTE=0（重复步骤 | 步骤7: 步骤七）；行75: set YL1RCV046VP_P.SV=0（重复步骤 | 步骤2: 步骤二）；行76: set YL1RCV046VP_P.EXECUTE=1（重复步骤 | 步骤2: 步骤二）；行77: set YL1RCV046VP_P.EXECUTE=0（重复步骤 | 步骤2: 步骤二）；行81: set YL1RCV046VP_P.SV=55（重复步骤 | 步骤7: 步骤七）；行82: set YL1RCV046VP_P.EXECUTE=1（重复步骤 | 步骤7: 步骤七）；行83: set YL1RCV046VP_P.EXECUTE=0（重复步骤 | 步骤7: 步骤七）,步骤7: 步骤七；步骤2: 步骤二,
20,2005_06.txt,20,05_06,任务五/六（05_06）,5,12,0.4167,7,0.5833,30,59,41,0.6949,12,12,4,8,7,29,0,2,7,0,0.0,步骤1: 步骤一；步骤5: 步骤五；步骤8: 步骤八；步骤9: 步骤九；步骤10: 步骤十；步骤11: 步骤十一；步骤12: 步骤十二,步骤1: 步骤一；步骤5: 步骤五,步骤1: 步骤一；步骤5: 步骤五；步骤8: 步骤八；步骤9: 步骤九；步骤10: 步骤十；步骤11: 步骤十一；步骤12: 步骤十二,行15: set YL1RCV046VP_P.MANUAL=1（多做 | 不在该任务标准流程内）；行16: set YL1RCV046VP_P.MANUAL=0（多做 | 不在该任务标准流程内）；行17: set YL1RCV046VP_P.EXECUTE=1（多做 | 不在该任务标准流程内）；行18: set YL1RCV046VP_P.EXECUTE=0（多做 | 不在该任务标准流程内）,行10: DCM mov_RCV034VP（错误 | 属于步骤1: 步骤一，但未形成完整步骤）；行11: set YL1RCV034VP_P.OPEN=1（错误 | 属于步骤1: 步骤一，但未形成完整步骤）；行12: set YL1RCV034VP_P.OPEN=0（错误 | 属于步骤1: 步骤一，但未形成完整步骤）；行13: set YL1RCV034VP_P.EXECUTE=1（错误 | 属于步骤1: 步骤一，但未形成完整步骤）；行14: set YL1RCV034VP_P.EXECUTE=0（错误 | 属于步骤1: 步骤一，但未形成完整步骤）；行29: set YL1RCV061VP_P.SV=60（错误 | 属于步骤5: 步骤五，但未形成完整步骤）；行30: set YL1RCV061VP_P.EXECUTE=1（错误 | 属于步骤5: 步骤五，但未形成完整步骤）；行31: set YL1RCV061VP_P.EXECUTE=0（错误 | 属于步骤5: 步骤五，但未形成完整步骤）,步骤5: 缺失动作 DCM pos_RCV061VP；步骤8: 缺失动作 set YL1RCV046VP_P.SV=50；步骤8: 缺失动作 set YL1RCV046VP_P.EXECUTE=1；步骤8: 缺失动作 set YL1RCV046VP_P.EXECUTE=0；步骤8: 缺失动作 set YL1RCV046VP_P.SV=55；步骤8: 缺失动作 DCM tr_RCV018MD；步骤9: 缺失动作 set YL1RCV076VP_P.OPEN=1；步骤9: 缺失动作 set YL1RCV076VP_P.OPEN=0；步骤9: 缺失动作 set YL1RCV076VP_P.EXECUTE=1；步骤9: 缺失动作 set YL1RCV076VP_P.EXECUTE=0；步骤9: 缺失动作 DCM mov_RCV076VP；步骤10: 缺失动作 set YL1RCV077VP_P.OPEN=1；步骤10: 缺失动作 set YL1RCV077VP_P.OPEN=0；步骤10: 缺失动作 set YL1RCV077VP_P.EXECUTE=1；步骤10: 缺失动作 set YL1RCV077VP_P.EXECUTE=0；步骤11: 缺失动作 set YL1RCV078VP_P.OPEN=1；步骤11: 缺失动作 set YL1RCV078VP_P.OPEN=0；步骤11: 缺失动作 set YL1RCV078VP_P.EXECUTE=1；步骤11: 缺失动作 set YL1RCV078VP_P.EXECUTE=0；步骤11: 缺失动作 DCM mov_RCV078VP；步骤12: 缺失动作 set YL1RCV061VP_P.SV=100；步骤12: 缺失动作 set YL1RCV061VP_P.EXECUTE=1；步骤12: 缺失动作 set YL1RCV061VP_P.EXECUTE=0；步骤12: 缺失动作 set YL1RCV061VP_P.SV=60；步骤12: 缺失动作 DCM tr_RCV021MD,,,步骤1: 步骤一；步骤5: 步骤五；步骤8: 步骤八；步骤9: 步骤九；步骤10: 步骤十；步骤11: 步骤十一；步骤12: 步骤十二
21,2105_06.txt,21,05_06,任务五/六（05_06）,10,12,0.8333,4,0.3333,72,79,35,0.443,28,28,10,18,2,7,0,3,2,0,0.0,步骤1: 步骤一；步骤5: 步骤五；步骤3: 步骤三；步骤12: 步骤十二,步骤1: 步骤一；步骤5: 步骤五；步骤3: 步骤三,步骤5: 步骤五；步骤12: 步骤十二,行14: ICM mov_RCV034VP t:1（多做 | 不在该任务标准流程内）；行22: set YL1RCV046VP_P.MANUAL=1（多做 | 不在该任务标准流程内）；行23: set YL1RCV046VP_P.MANUAL=0（多做 | 不在该任务标准流程内）；行24: set YL1RCV046VP_P.EXECUTE=1（多做 | 不在该任务标准流程内）；行25: set YL1RCV046VP_P.EXECUTE=0（多做 | 不在该任务标准流程内）；行44: ICM pos_RCV061VP t:1（多做 | 不在该任务标准流程内）；行74: ICM tr_RCV018MD t:2（多做 | 不在该任务标准流程内）；行76: set YL1RCV061VP_P.SV=55（多做 | 不在该任务标准流程内）；行77: set YL1RCV061VP_P.EXECUTE=1（多做 | 不在该任务标准流程内）；行78: set YL1RCV061VP_P.EXECUTE=0（多做 | 不在该任务标准流程内）,行16: set YL1RCV034VP_P.OPEN=1（错误 | 属于步骤1: 步骤一，但未完整复现整步，不计重复）；行17: set YL1RCV034VP_P.OPEN=0（错误 | 属于步骤1: 步骤一，但未完整复现整步，不计重复）；行18: set YL1RCV034VP_P.EXECUTE=1（错误 | 属于步骤1: 步骤一，但未完整复现整步，不计重复）；行19: set YL1RCV034VP_P.EXECUTE=0（错误 | 属于步骤1: 步骤一，但未完整复现整步，不计重复）；行20: set YL1RCV034VP_P.EXECUTE=1（错误 | 属于步骤1: 步骤一，但未完整复现整步，不计重复）；行21: set YL1RCV034VP_P.EXECUTE=0（错误 | 属于步骤1: 步骤一，但未完整复现整步，不计重复）；行36: set YL1RCV061VP_P.SV=60（错误 | 属于步骤5: 步骤五，但未形成完整步骤）；行37: set YL1RCV061VP_P.EXECUTE=1（错误 | 属于步骤5: 步骤五，但未形成完整步骤）；行38: set YL1RCV061VP_P.EXECUTE=1（错误 | 属于步骤5: 步骤五，但未形成完整步骤）；行39: set YL1RCV061VP_P.EXECUTE=0（错误 | 属于步骤5: 步骤五，但未形成完整步骤）；行40: set YL1RCV061VP_P.EXECUTE=1（错误 | 属于步骤5: 步骤五，但未形成完整步骤）；行41: set YL1RCV061VP_P.EXECUTE=0（错误 | 属于步骤5: 步骤五，但未形成完整步骤）；行42: set YL1RCV061VP_P.EXECUTE=1（错误 | 属于步骤3: 步骤三，但未完整复现整步，不计重复）；行43: set YL1RCV061VP_P.EXECUTE=0（错误 | 属于步骤3: 步骤三，但未完整复现整步，不计重复）；行45: DCM pos_RCV061VP（错误 | 属于步骤5: 步骤五，但未形成完整步骤）；行79: set YL1RCV061VP_P.SV=60（错误 | 属于步骤5: 步骤五，但未形成完整步骤）；行80: set YL1RCV061VP_P.EXECUTE=1（错误 | 属于步骤5: 步骤五，但未形成完整步骤）；行81: set YL1RCV061VP_P.EXECUTE=0（错误 | 属于步骤5: 步骤五，但未形成完整步骤）,步骤12: 缺失动作 set YL1RCV061VP_P.SV=100；步骤12: 缺失动作 set YL1RCV061VP_P.EXECUTE=1；步骤12: 缺失动作 set YL1RCV061VP_P.EXECUTE=0；步骤12: 缺失动作 set YL1RCV061VP_P.SV=60；步骤12: 缺失动作 DCM tr_RCV021MD,,,步骤5: 步骤五；步骤12: 步骤十二
22,2205_06.txt,22,05_06,任务五/六（05_06）,12,12,1.0,1,0.0833,58,58,4,0.069,4,4,0,4,0,0,0,1,0,0,0.0,步骤6: 步骤六,步骤6: 步骤六,,,行28: set YL1RCV008VP_P.OPEN=1（错误 | 属于步骤6: 步骤六，但未形成完整步骤）；行29: set YL1RCV008VP_P.OPEN=0（错误 | 属于步骤6: 步骤六，但未形成完整步骤）；行30: set YL1RCV008VP_P.EXECUTE=1（错误 | 属于步骤6: 步骤六，但未形成完整步骤）；行31: set YL1RCV008VP_P.EXECUTE=0（错误 | 属于步骤6: 步骤六，但未形成完整步骤）,,,,
23,2305_06.txt,23,05_06,任务五/六（05_06）,11,12,0.9167,2,0.1667,58,64,13,0.2031,7,7,3,4,1,6,0,2,1,0,0.0,步骤12: 步骤十二；步骤8: 步骤八,步骤12: 步骤十二；步骤8: 步骤八,步骤8: 步骤八,行60: set YL1RCV061VP_P.SV=70（多做 | 不在该任务标准流程内）；行61: set YL1RCV061VP_P.EXECUTE=1（多做 | 不在该任务标准流程内）；行62: set YL1RCV061VP_P.EXECUTE=0（多做 | 不在该任务标准流程内）,行63: set YL1RCV061VP_P.SV=60（错误 | 属于步骤12: 步骤十二，但未完整复现整步，不计重复）；行64: set YL1RCV061VP_P.EXECUTE=1（错误 | 属于步骤12: 步骤十二，但未完整复现整步，不计重复）；行65: set YL1RCV061VP_P.EXECUTE=0（错误 | 属于步骤12: 步骤十二，但未完整复现整步，不计重复）；行66: DCM tr_RCV018MD（错误 | 属于步骤8: 步骤八，但未形成完整步骤）,步骤8: 缺失动作 set YL1RCV046VP_P.SV=50；步骤8: 缺失动作 set YL1RCV046VP_P.EXECUTE=1；步骤8: 缺失动作 set YL1RCV046VP_P.EXECUTE=0；步骤8: 缺失动作 set YL1RCV046VP_P.SV=55,,,步骤8: 步骤八
24,2405_06.txt,24,05_06,任务五/六（05_06）,9,12,0.75,8,0.6667,97,109,71,0.6514,45,45,17,28,3,12,14,6,3,3,0.25,步骤8: 步骤八；步骤12: 步骤十二；步骤9: 步骤九；步骤11: 步骤十一；步骤5: 步骤五；步骤6: 步骤六；步骤2: 步骤二；步骤7: 步骤七,步骤8: 步骤八；步骤12: 步骤十二；步骤9: 步骤九；步骤11: 步骤十一；步骤5: 步骤五；步骤6: 步骤六,步骤2: 步骤二；步骤7: 步骤七；步骤8: 步骤八,行53: set YL1RCV048VP_P.CLOSE=1（多做 | 不在该任务标准流程内）；行54: set YL1RCV048VP_P.CLOSE=0（多做 | 不在该任务标准流程内）；行55: set YL1RCV048VP_P.EXECUTE=1（多做 | 不在该任务标准流程内）；行56: set YL1RCV048VP_P.EXECUTE=0（多做 | 不在该任务标准流程内）；行64: set YL1RCV061VP_P.SV=10（多做 | 不在该任务标准流程内）；行65: set YL1RCV061VP_P.EXECUTE=1（多做 | 不在该任务标准流程内）；行66: set YL1RCV061VP_P.EXECUTE=0（多做 | 不在该任务标准流程内）；行67: set YL1RCV061VP_P.SV=20（多做 | 不在该任务标准流程内）；行68: set YL1RCV061VP_P.EXECUTE=1（多做 | 不在该任务标准流程内）；行69: set YL1RCV061VP_P.EXECUTE=0（多做 | 不在该任务标准流程内）；行70: set YL1RCV061VP_P.SV=40（多做 | 不在该任务标准流程内）；行71: set YL1RCV061VP_P.EXECUTE=1（多做 | 不在该任务标准流程内）；行72: set YL1RCV061VP_P.EXECUTE=0（多做 | 不在该任务标准流程内）；行81: DCM aov_RCV009VP（多做 | 不在该任务标准流程内）；行104: set YL1RCV046VP_P.SV=80（多做 | 不在该任务标准流程内）；行105: set YL1RCV046VP_P.EXECUTE=1（多做 | 不在该任务标准流程内）；行106: set YL1RCV046VP_P.EXECUTE=0（多做 | 不在该任务标准流程内）,行13: DCM tr_RCV018MD（错误 | 属于步骤8: 步骤八，但未形成完整步骤）；行15: set YL1RCV061VP_P.SV=100（错误 | 属于步骤12: 步骤十二，但未完整复现整步，不计重复）；行16: set YL1RCV061VP_P.EXECUTE=1（错误 | 属于步骤12: 步骤十二，但未完整复现整步，不计重复）；行17: set YL1RCV061VP_P.EXECUTE=0（错误 | 属于步骤12: 步骤十二，但未完整复现整步，不计重复）；行23: set YL1RCV076VP_P.OPEN=1（错误 | 属于步骤9: 步骤九，但未完整复现整步，不计重复）；行24: set YL1RCV076VP_P.OPEN=0（错误 | 属于步骤9: 步骤九，但未完整复现整步，不计重复）；行25: set YL1RCV076VP_P.OPEN=1（错误 | 属于步骤9: 步骤九，但未完整复现整步，不计重复）；行26: set YL1RCV076VP_P.OPEN=0（错误 | 属于步骤9: 步骤九，但未完整复现整步，不计重复）；行27: set YL1RCV076VP_P.EXECUTE=1（错误 | 属于步骤9: 步骤九，但未完整复现整步，不计重复）；行28: set YL1RCV076VP_P.EXECUTE=0（错误 | 属于步骤9: 步骤九，但未完整复现整步，不计重复）；行38: set YL1RCV078VP_P.OPEN=1（错误 | 属于步骤11: 步骤十一，但未完整复现整步，不计重复）；行39: set YL1RCV078VP_P.OPEN=0（错误 | 属于步骤11: 步骤十一，但未完整复现整步，不计重复）；行40: set YL1RCV078VP_P.OPEN=1（错误 | 属于步骤11: 步骤十一，但未完整复现整步，不计重复）；行41: set YL1RCV078VP_P.OPEN=0（错误 | 属于步骤11: 步骤十一，但未完整复现整步，不计重复）；行42: set YL1RCV078VP_P.EXECUTE=1（错误 | 属于步骤11: 步骤十一，但未完整复现整步，不计重复）；行43: set YL1RCV078VP_P.EXECUTE=1（错误 | 属于步骤11: 步骤十一，但未完整复现整步，不计重复）；行44: set YL1RCV078VP_P.EXECUTE=0（错误 | 属于步骤11: 步骤十一，但未完整复现整步，不计重复）；行74: set YL1RCV061VP_P.SV=60（错误 | 属于步骤5: 步骤五，但未完整复现整步，不计重复）；行75: set YL1RCV061VP_P.EXECUTE=1（错误 | 属于步骤5: 步骤五，但未完整复现整步，不计重复）；行76: set YL1RCV061VP_P.EXECUTE=0（错误 | 属于步骤5: 步骤五，但未完整复现整步，不计重复）；行91: set YL1RCV008VP_P.OPEN=1（错误 | 属于步骤6: 步骤六，但未完整复现整步，不计重复）；行92: set YL1RCV008VP_P.OPEN=0（错误 | 属于步骤6: 步骤六，但未完整复现整步，不计重复）；行93: set YL1RCV008VP_P.EXECUTE=1（错误 | 属于步骤6: 步骤六，但未完整复现整步，不计重复）；行94: set YL1RCV008VP_P.EXECUTE=0（错误 | 属于步骤6: 步骤六，但未完整复现整步，不计重复）；行100: set YL1RCV007VP_P.OPEN=1（错误 | 属于步骤6: 步骤六，但未完整复现整步，不计重复）；行101: set YL1RCV007VP_P.OPEN=0（错误 | 属于步骤6: 步骤六，但未完整复现整步，不计重复）；行102: set YL1RCV007VP_P.EXECUTE=1（错误 | 属于步骤6: 步骤六，但未完整复现整步，不计重复）；行103: set YL1RCV007VP_P.EXECUTE=0（错误 | 属于步骤6: 步骤六，但未完整复现整步，不计重复）,步骤2: 缺失动作 set YL1RCV046VP_P.SV=0；步骤2: 缺失动作 set YL1RCV046VP_P.EXECUTE=1；步骤2: 缺失动作 set YL1RCV046VP_P.EXECUTE=0；步骤7: 缺失动作 set YL1RCV046VP_P.SV=55；步骤7: 缺失动作 set YL1RCV046VP_P.EXECUTE=1；步骤7: 缺失动作 set YL1RCV046VP_P.EXECUTE=0；步骤8: 缺失动作 set YL1RCV046VP_P.SV=50；步骤8: 缺失动作 set YL1RCV046VP_P.EXECUTE=1；步骤8: 缺失动作 set YL1RCV046VP_P.EXECUTE=0；步骤8: 缺失动作 set YL1RCV046VP_P.SV=55,行82: set YL1RCV009VP_P.OPEN=1（重复步骤 | 步骤6: 步骤六）；行83: set YL1RCV009VP_P.OPEN=0（重复步骤 | 步骤6: 步骤六）；行84: set YL1RCV009VP_P.EXECUTE=1（重复步骤 | 步骤6: 步骤六）；行85: set YL1RCV009VP_P.EXECUTE=0（重复步骤 | 步骤6: 步骤六）；行86: set YL1RCV008VP_P.OPEN=1（重复步骤 | 步骤6: 步骤六）；行87: set YL1RCV008VP_P.OPEN=0（重复步骤 | 步骤6: 步骤六）；行88: set YL1RCV008VP_P.EXECUTE=1（重复步骤 | 步骤6: 步骤六）；行89: set YL1RCV008VP_P.EXECUTE=0（重复步骤 | 步骤6: 步骤六）；行90: DCM aov_RCV008VP（重复步骤 | 步骤6: 步骤六）；行95: set YL1RCV007VP_P.OPEN=1（重复步骤 | 步骤6: 步骤六）；行96: set YL1RCV007VP_P.OPEN=0（重复步骤 | 步骤6: 步骤六）；行97: set YL1RCV007VP_P.EXECUTE=1（重复步骤 | 步骤6: 步骤六）；行98: set YL1RCV007VP_P.EXECUTE=0（重复步骤 | 步骤6: 步骤六）；行99: DCM aov_RCV007VP（重复步骤 | 步骤6: 步骤六）,步骤6: 步骤六,步骤2: 步骤二；步骤7: 步骤七；步骤8: 步骤八
25,2505_06.txt,25,05_06,任务五/六（05_06）,9,12,0.75,9,0.75,90,103,68,0.6602,38,38,18,20,3,13,17,5,3,5,0.3571,步骤1: 步骤一；步骤9: 步骤九；步骤11: 步骤十一；步骤8: 步骤八；步骤5: 步骤五；步骤12: 步骤十二；步骤2: 步骤二；步骤3: 步骤三；步骤4: 步骤四,步骤1: 步骤一；步骤9: 步骤九；步骤11: 步骤十一；步骤8: 步骤八；步骤5: 步骤五,步骤8: 步骤八；步骤9: 步骤九；步骤12: 步骤十二,行19: set YL1RCV046VP_P.MANUAL=1（多做 | 不在该任务标准流程内）；行20: set YL1RCV046VP_P.MANUAL=0（多做 | 不在该任务标准流程内）；行21: set YL1RCV046VP_P.EXECUTE=1（多做 | 不在该任务标准流程内）；行22: set YL1RCV046VP_P.EXECUTE=0（多做 | 不在该任务标准流程内）；行63: set YL1RCV061VP_P.SV=65（多做 | 不在该任务标准流程内）；行64: set YL1RCV061VP_P.EXECUTE=1（多做 | 不在该任务标准流程内）；行65: set YL1RCV061VP_P.EXECUTE=0（多做 | 不在该任务标准流程内）；行83: set YL1RCV002PO_P.CLOSE=1（多做 | 不在该任务标准流程内）；行84: set YL1RCV002PO_P.CLOSE=0（多做 | 不在该任务标准流程内）；行85: set YL1RCV002PO_P.EXECUTE=1（多做 | 不在该任务标准流程内）；行86: set YL1RCV002PO_P.EXECUTE=0（多做 | 不在该任务标准流程内）；行87: set YL1RCV001PO_P.CLOSE=1（多做 | 不在该任务标准流程内）；行88: set YL1RCV001PO_P.CLOSE=0（多做 | 不在该任务标准流程内）；行89: set YL1RCV001PO_P.EXECUTE=1（多做 | 不在该任务标准流程内）；行90: set YL1RCV001PO_P.EXECUTE=0（多做 | 不在该任务标准流程内）；行94: set YL1RCV046VP_P.SV=100（多做 | 不在该任务标准流程内）；行95: set YL1RCV046VP_P.EXECUTE=1（多做 | 不在该任务标准流程内）；行96: set YL1RCV046VP_P.EXECUTE=0（多做 | 不在该任务标准流程内）,行14: set YL1RCV034VP_P.OPEN=1（错误 | 属于步骤1: 步骤一，但未形成完整步骤）；行15: set YL1RCV034VP_P.OPEN=0（错误 | 属于步骤1: 步骤一，但未形成完整步骤）；行16: set YL1RCV034VP_P.EXECUTE=1（错误 | 属于步骤1: 步骤一，但未形成完整步骤）；行17: set YL1RCV034VP_P.EXECUTE=0（错误 | 属于步骤1: 步骤一，但未形成完整步骤）；行44: DCM mov_RCV076VP（错误 | 属于步骤9: 步骤九，但未形成完整步骤）；行45: set YL1RCV076VP_P.OPEN=1（错误 | 属于步骤9: 步骤九，但未形成完整步骤）；行46: set YL1RCV076VP_P.OPEN=0（错误 | 属于步骤9: 步骤九，但未形成完整步骤）；行47: set YL1RCV076VP_P.EXECUTE=1（错误 | 属于步骤9: 步骤九，但未形成完整步骤）；行48: set YL1RCV076VP_P.EXECUTE=0（错误 | 属于步骤9: 步骤九，但未形成完整步骤）；行57: set YL1RCV078VP_P.OPEN=1（错误 | 属于步骤11: 步骤十一，但未形成完整步骤）；行58: set YL1RCV078VP_P.OPEN=0（错误 | 属于步骤11: 步骤十一，但未形成完整步骤）；行59: set YL1RCV078VP_P.EXECUTE=1（错误 | 属于步骤11: 步骤十一，但未形成完整步骤）；行60: set YL1RCV078VP_P.EXECUTE=0（错误 | 属于步骤11: 步骤十一，但未形成完整步骤）；行62: DCM tr_RCV018MD（错误 | 属于步骤8: 步骤八，但未形成完整步骤）；行66: set YL1RCV061VP_P.SV=60（错误 | 属于步骤5: 步骤五，但未完整复现整步，不计重复）；行67: set YL1RCV061VP_P.EXECUTE=1（错误 | 属于步骤5: 步骤五，但未完整复现整步，不计重复）；行68: set YL1RCV061VP_P.EXECUTE=0（错误 | 属于步骤5: 步骤五，但未完整复现整步，不计重复）；行91: set YL1RCV061VP_P.SV=60（错误 | 属于步骤5: 步骤五，但未完整复现整步，不计重复）；行92: set YL1RCV061VP_P.EXECUTE=1（错误 | 属于步骤5: 步骤五，但未完整复现整步，不计重复）；行93: set YL1RCV061VP_P.EXECUTE=0（错误 | 属于步骤5: 步骤五，但未完整复现整步，不计重复）,步骤8: 缺失动作 set YL1RCV046VP_P.SV=50；步骤8: 缺失动作 set YL1RCV046VP_P.EXECUTE=1；步骤8: 缺失动作 set YL1RCV046VP_P.EXECUTE=0；步骤8: 缺失动作 set YL1RCV046VP_P.SV=55；步骤12: 缺失动作 set YL1RCV061VP_P.SV=100；步骤12: 缺失动作 set YL1RCV061VP_P.EXECUTE=1；步骤12: 缺失动作 set YL1RCV061VP_P.EXECUTE=0；步骤12: 缺失动作 set YL1RCV061VP_P.SV=60；步骤12: 缺失动作 DCM tr_RCV021MD,行69: set YL1RCV046VP_P.SV=0（重复步骤 | 步骤2: 步骤二）；行70: set YL1RCV046VP_P.EXECUTE=1（重复步骤 | 步骤2: 步骤二）；行71: set YL1RCV046VP_P.EXECUTE=0（重复步骤 | 步骤2: 步骤二）；行72: set YL1RCV061VP_P.SV=0（重复步骤 | 步骤3: 步骤三）；行73: set YL1RCV061VP_P.EXECUTE=1（重复步骤 | 步骤3: 步骤三）；行74: set YL1RCV061VP_P.EXECUTE=0（重复步骤 | 步骤3: 步骤三）；行75: set YL1RCV002PO_P.OPEN=1（重复步骤 | 步骤4: 步骤四）；行76: set YL1RCV002PO_P.OPEN=0（重复步骤 | 步骤4: 步骤四）；行77: set YL1RCV002PO_P.EXECUTE=1（重复步骤 | 步骤4: 步骤四）；行78: set YL1RCV002PO_P.EXECUTE=0（重复步骤 | 步骤4: 步骤四）；行79: set YL1RCV001PO_P.OPEN=1（重复步骤 | 步骤4: 步骤四）；行80: set YL1RCV001PO_P.OPEN=0（重复步骤 | 步骤4: 步骤四）；行81: set YL1RCV001PO_P.EXECUTE=1（重复步骤 | 步骤4: 步骤四）；行82: set YL1RCV001PO_P.EXECUTE=0（重复步骤 | 步骤4: 步骤四）；行97: set YL1RCV046VP_P.SV=0（重复步骤 | 步骤2: 步骤二）；行98: set YL1RCV046VP_P.EXECUTE=1（重复步骤 | 步骤2: 步骤二）；行99: set YL1RCV046VP_P.EXECUTE=0（重复步骤 | 步骤2: 步骤二）,步骤2: 步骤二；步骤3: 步骤三；步骤4: 步骤四,步骤8: 步骤八；步骤9: 步骤九；步骤12: 步骤十二
26,2605_06.txt,26,05_06,任务五/六（05_06）,7,12,0.5833,10,0.8333,179,196,170,0.8673,116,116,7,109,5,17,37,6,5,10,0.5882,步骤1: 步骤一；步骤5: 步骤五；步骤6: 步骤六；步骤3: 步骤三；步骤11: 步骤十一；步骤9: 步骤九；步骤8: 步骤八；步骤12: 步骤十二；步骤2: 步骤二；步骤7: 步骤七,步骤1: 步骤一；步骤5: 步骤五；步骤6: 步骤六；步骤3: 步骤三；步骤11: 步骤十一；步骤9: 步骤九,步骤5: 步骤五；步骤8: 步骤八；步骤9: 步骤九；步骤11: 步骤十一；步骤12: 步骤十二,行99: set YL1RCV048VP_P.OPEN=1（多做 | 不在该任务标准流程内）；行100: set YL1RCV048VP_P.OPEN=0（多做 | 不在该任务标准流程内）；行101: set YL1RCV048VP_P.EXECUTE=1（多做 | 不在该任务标准流程内）；行102: set YL1RCV048VP_P.EXECUTE=0（多做 | 不在该任务标准流程内）；行129: set YL1RCV046VP_P.SV=53（多做 | 不在该任务标准流程内）；行130: set YL1RCV046VP_P.EXECUTE=1（多做 | 不在该任务标准流程内）；行131: set YL1RCV046VP_P.EXECUTE=0（多做 | 不在该任务标准流程内）,行14: set YL1RCV034VP_P.OPEN=1（错误 | 属于步骤1: 步骤一，但未形成完整步骤）；行15: set YL1RCV034VP_P.OPEN=0（错误 | 属于步骤1: 步骤一，但未形成完整步骤）；行16: set YL1RCV034VP_P.EXECUTE=1（错误 | 属于步骤1: 步骤一，但未形成完整步骤）；行17: set YL1RCV034VP_P.EXECUTE=0（错误 | 属于步骤1: 步骤一，但未形成完整步骤）；行18: set YL1RCV034VP_P.OPEN=1（错误 | 属于步骤1: 步骤一，但未形成完整步骤）；行19: set YL1RCV034VP_P.OPEN=0（错误 | 属于步骤1: 步骤一，但未形成完整步骤）；行20: set YL1RCV034VP_P.OPEN=1（错误 | 属于步骤1: 步骤一，但未形成完整步骤）；行21: set YL1RCV034VP_P.OPEN=0（错误 | 属于步骤1: 步骤一，但未形成完整步骤）；行22: set YL1RCV034VP_P.EXECUTE=1（错误 | 属于步骤1: 步骤一，但未形成完整步骤）；行23: set YL1RCV034VP_P.EXECUTE=0（错误 | 属于步骤1: 步骤一，但未形成完整步骤）；行30: set YL1RCV034VP_P.OPEN=1（错误 | 属于步骤1: 步骤一，但未形成完整步骤）；行31: set YL1RCV034VP_P.OPEN=0（错误 | 属于步骤1: 步骤一，但未形成完整步骤）；行32: set YL1RCV034VP_P.EXECUTE=1（错误 | 属于步骤1: 步骤一，但未形成完整步骤）；行33: set YL1RCV034VP_P.EXECUTE=0（错误 | 属于步骤1: 步骤一，但未形成完整步骤）；行34: set YL1RCV034VP_P.OPEN=1（错误 | 属于步骤1: 步骤一，但未形成完整步骤）；行35: set YL1RCV034VP_P.OPEN=0（错误 | 属于步骤1: 步骤一，但未形成完整步骤）；行36: set YL1RCV034VP_P.EXECUTE=1（错误 | 属于步骤1: 步骤一，但未形成完整步骤）；行37: set YL1RCV034VP_P.EXECUTE=0（错误 | 属于步骤1: 步骤一，但未形成完整步骤）；行39: set YL1RCV034VP_P.OPEN=1（错误 | 属于步骤1: 步骤一，但未完整复现整步，不计重复）；行40: set YL1RCV034VP_P.OPEN=0（错误 | 属于步骤1: 步骤一，但未完整复现整步，不计重复）；行41: set YL1RCV034VP_P.EXECUTE=1（错误 | 属于步骤1: 步骤一，但未完整复现整步，不计重复）；行42: set YL1RCV034VP_P.EXECUTE=0（错误 | 属于步骤1: 步骤一，但未完整复现整步，不计重复）；行43: set YL1RCV034VP_P.EXECUTE=1（错误 | 属于步骤1: 步骤一，但未完整复现整步，不计重复）；行44: set YL1RCV034VP_P.EXECUTE=0（错误 | 属于步骤1: 步骤一，但未完整复现整步，不计重复）；行45: set YL1RCV061VP_P.SV=60（错误 | 属于步骤5: 步骤五，但未形成完整步骤）；行46: set YL1RCV061VP_P.EXECUTE=1（错误 | 属于步骤5: 步骤五，但未形成完整步骤）；行47: set YL1RCV061VP_P.EXECUTE=0（错误 | 属于步骤5: 步骤五，但未形成完整步骤）；行56: set YL1RCV007VP_P.OPEN=1（错误 | 属于步骤6: 步骤六，但未完整复现整步，不计重复）；行57: set YL1RCV007VP_P.OPEN=0（错误 | 属于步骤6: 步骤六，但未完整复现整步，不计重复）；行58: set YL1RCV007VP_P.EXECUTE=1（错误 | 属于步骤6: 步骤六，但未完整复现整步，不计重复）；行59: set YL1RCV007VP_P.EXECUTE=0（错误 | 属于步骤6: 步骤六，但未完整复现整步，不计重复）；行60: set YL1RCV008VP_P.OPEN=1（错误 | 属于步骤6: 步骤六，但未完整复现整步，不计重复）；行61: set YL1RCV008VP_P.OPEN=0（错误 | 属于步骤6: 步骤六，但未完整复现整步，不计重复）；行62: set YL1RCV008VP_P.EXECUTE=1（错误 | 属于步骤6: 步骤六，但未完整复现整步，不计重复）；行63: set YL1RCV008VP_P.EXECUTE=0（错误 | 属于步骤6: 步骤六，但未完整复现整步，不计重复）；行64: set YL1RCV007VP_P.OPEN=1（错误 | 属于步骤6: 步骤六，但未完整复现整步，不计重复）；行65: set YL1RCV007VP_P.OPEN=0（错误 | 属于步骤6: 步骤六，但未完整复现整步，不计重复）；行66: set YL1RCV007VP_P.EXECUTE=1（错误 | 属于步骤6: 步骤六，但未完整复现整步，不计重复）；行67: set YL1RCV007VP_P.EXECUTE=0（错误 | 属于步骤6: 步骤六，但未完整复现整步，不计重复）；行68: set YL1RCV007VP_P.OPEN=1（错误 | 属于步骤6: 步骤六，但未完整复现整步，不计重复）；行69: set YL1RCV007VP_P.OPEN=0（错误 | 属于步骤6: 步骤六，但未完整复现整步，不计重复）；行70: set YL1RCV007VP_P.EXECUTE=1（错误 | 属于步骤6: 步骤六，但未完整复现整步，不计重复）；行71: set YL1RCV007VP_P.EXECUTE=0（错误 | 属于步骤6: 步骤六，但未完整复现整步，不计重复）；行76: set YL1RCV008VP_P.OPEN=1（错误 | 属于步骤6: 步骤六，但未完整复现整步，不计重复）；行77: set YL1RCV008VP_P.OPEN=0（错误 | 属于步骤6: 步骤六，但未完整复现整步，不计重复）；行78: set YL1RCV008VP_P.EXECUTE=1（错误 | 属于步骤6: 步骤六，但未完整复现整步，不计重复）；行79: set YL1RCV008VP_P.EXECUTE=0（错误 | 属于步骤6: 步骤六，但未完整复现整步，不计重复）；行87: set YL1RCV007VP_P.OPEN=1（错误 | 属于步骤6: 步骤六，但未完整复现整步，不计重复）；行88: set YL1RCV007VP_P.OPEN=0（错误 | 属于步骤6: 步骤六，但未完整复现整步，不计重复）；行89: set YL1RCV007VP_P.EXECUTE=1（错误 | 属于步骤6: 步骤六，但未完整复现整步，不计重复）；行90: set YL1RCV007VP_P.EXECUTE=0（错误 | 属于步骤6: 步骤六，但未完整复现整步，不计重复）；行91: set YL1RCV008VP_P.OPEN=1（错误 | 属于步骤6: 步骤六，但未完整复现整步，不计重复）；行92: set YL1RCV008VP_P.OPEN=0（错误 | 属于步骤6: 步骤六，但未完整复现整步，不计重复）；行93: set YL1RCV008VP_P.EXECUTE=1（错误 | 属于步骤6: 步骤六，但未完整复现整步，不计重复）；行94: set YL1RCV008VP_P.EXECUTE=0（错误 | 属于步骤6: 步骤六，但未完整复现整步，不计重复）；行118: set YL1RCV061VP_P.EXECUTE=1（错误 | 属于步骤3: 步骤三，但未完整复现整步，不计重复）；行119: set YL1RCV061VP_P.EXECUTE=0（错误 | 属于步骤3: 步骤三，但未完整复现整步，不计重复）；行120: set YL1RCV061VP_P.EXECUTE=1（错误 | 属于步骤3: 步骤三，但未完整复现整步，不计重复）；行121: set YL1RCV061VP_P.EXECUTE=0（错误 | 属于步骤3: 步骤三，但未完整复现整步，不计重复）；行135: set YL1RCV078VP_P.OPEN=1（错误 | 属于步骤11: 步骤十一，但未形成完整步骤）；行136: set YL1RCV078VP_P.OPEN=0（错误 | 属于步骤11: 步骤十一，但未形成完整步骤）；行137: set YL1RCV078VP_P.EXECUTE=1（错误 | 属于步骤11: 步骤十一，但未形成完整步骤）；行138: set YL1RCV078VP_P.EXECUTE=0（错误 | 属于步骤11: 步骤十一，但未形成完整步骤）；行139: set YL1RCV076VP_P.OPEN=1（错误 | 属于步骤9: 步骤九，但未形成完整步骤）；行140: set YL1RCV076VP_P.OPEN=0（错误 | 属于步骤9: 步骤九，但未形成完整步骤）；行141: set YL1RCV076VP_P.EXECUTE=1（错误 | 属于步骤9: 步骤九，但未形成完整步骤）；行142: set YL1RCV076VP_P.EXECUTE=0（错误 | 属于步骤9: 步骤九，但未形成完整步骤）；行143: set YL1RCV076VP_P.OPEN=1（错误 | 属于步骤9: 步骤九，但未形成完整步骤）；行144: set YL1RCV076VP_P.OPEN=0（错误 | 属于步骤9: 步骤九，但未形成完整步骤）；行145: set YL1RCV076VP_P.EXECUTE=1（错误 | 属于步骤9: 步骤九，但未形成完整步骤）；行146: set YL1RCV076VP_P.EXECUTE=0（错误 | 属于步骤9: 步骤九，但未形成完整步骤）；行151: set YL1RCV078VP_P.OPEN=1（错误 | 属于步骤11: 步骤十一，但未形成完整步骤）；行152: set YL1RCV078VP_P.OPEN=0（错误 | 属于步骤11: 步骤十一，但未形成完整步骤）；行153: set YL1RCV078VP_P.EXECUTE=1（错误 | 属于步骤11: 步骤十一，但未形成完整步骤）；行154: set YL1RCV078VP_P.EXECUTE=0（错误 | 属于步骤11: 步骤十一，但未形成完整步骤）；行155: set YL1RCV078VP_P.EXECUTE=1（错误 | 属于步骤11: 步骤十一，但未形成完整步骤）；行156: set YL1RCV078VP_P.EXECUTE=0（错误 | 属于步骤11: 步骤十一，但未形成完整步骤）；行157: set YL1RCV076VP_P.OPEN=1（错误 | 属于步骤9: 步骤九，但未形成完整步骤）；行158: set YL1RCV076VP_P.OPEN=0（错误 | 属于步骤9: 步骤九，但未形成完整步骤）；行159: set YL1RCV076VP_P.EXECUTE=1（错误 | 属于步骤9: 步骤九，但未形成完整步骤）；行160: set YL1RCV076VP_P.EXECUTE=0（错误 | 属于步骤9: 步骤九，但未形成完整步骤）；行161: set YL1RCV078VP_P.OPEN=1（错误 | 属于步骤11: 步骤十一，但未形成完整步骤）；行162: set YL1RCV078VP_P.OPEN=0（错误 | 属于步骤11: 步骤十一，但未形成完整步骤）；行163: set YL1RCV078VP_P.EXECUTE=1（错误 | 属于步骤11: 步骤十一，但未形成完整步骤）；行164: set YL1RCV078VP_P.EXECUTE=0（错误 | 属于步骤11: 步骤十一，但未形成完整步骤）；行165: set YL1RCV076VP_P.OPEN=1（错误 | 属于步骤9: 步骤九，但未形成完整步骤）；行166: set YL1RCV076VP_P.OPEN=0（错误 | 属于步骤9: 步骤九，但未形成完整步骤）；行167: set YL1RCV076VP_P.EXECUTE=1（错误 | 属于步骤9: 步骤九，但未形成完整步骤）；行168: set YL1RCV076VP_P.EXECUTE=0（错误 | 属于步骤9: 步骤九，但未形成完整步骤）；行169: set YL1RCV078VP_P.OPEN=1（错误 | 属于步骤11: 步骤十一，但未形成完整步骤）；行170: set YL1RCV078VP_P.OPEN=0（错误 | 属于步骤11: 步骤十一，但未形成完整步骤）；行171: set YL1RCV078VP_P.EXECUTE=1（错误 | 属于步骤11: 步骤十一，但未形成完整步骤）；行172: set YL1RCV078VP_P.EXECUTE=0（错误 | 属于步骤11: 步骤十一，但未形成完整步骤）；行173: set YL1RCV078VP_P.OPEN=1（错误 | 属于步骤11: 步骤十一，但未形成完整步骤）；行174: set YL1RCV078VP_P.OPEN=0（错误 | 属于步骤11: 步骤十一，但未形成完整步骤）；行175: set YL1RCV078VP_P.EXECUTE=1（错误 | 属于步骤11: 步骤十一，但未形成完整步骤）；行176: set YL1RCV078VP_P.EXECUTE=0（错误 | 属于步骤11: 步骤十一，但未形成完整步骤）；行177: set YL1RCV076VP_P.OPEN=1（错误 | 属于步骤9: 步骤九，但未形成完整步骤）；行178: set YL1RCV076VP_P.OPEN=0（错误 | 属于步骤9: 步骤九，但未形成完整步骤）；行179: set YL1RCV076VP_P.EXECUTE=1（错误 | 属于步骤9: 步骤九，但未形成完整步骤）；行180: set YL1RCV076VP_P.EXECUTE=0（错误 | 属于步骤9: 步骤九，但未形成完整步骤）；行181: set YL1RCV078VP_P.OPEN=1（错误 | 属于步骤11: 步骤十一，但未形成完整步骤）；行182: set YL1RCV078VP_P.OPEN=0（错误 | 属于步骤11: 步骤十一，但未形成完整步骤）；行183: set YL1RCV078VP_P.OPEN=1（错误 | 属于步骤11: 步骤十一，但未形成完整步骤）；行184: set YL1RCV078VP_P.OPEN=0（错误 | 属于步骤11: 步骤十一，但未形成完整步骤）；行185: set YL1RCV078VP_P.OPEN=1（错误 | 属于步骤11: 步骤十一，但未形成完整步骤）；行186: set YL1RCV078VP_P.OPEN=0（错误 | 属于步骤11: 步骤十一，但未形成完整步骤）；行187: set YL1RCV078VP_P.EXECUTE=1（错误 | 属于步骤11: 步骤十一，但未形成完整步骤）；行188: set YL1RCV078VP_P.EXECUTE=0（错误 | 属于步骤11: 步骤十一，但未形成完整步骤）,步骤5: 缺失动作 DCM pos_RCV061VP；步骤8: 缺失动作 set YL1RCV046VP_P.SV=50；步骤8: 缺失动作 set YL1RCV046VP_P.EXECUTE=1；步骤8: 缺失动作 set YL1RCV046VP_P.EXECUTE=0；步骤8: 缺失动作 set YL1RCV046VP_P.SV=55；步骤8: 缺失动作 DCM tr_RCV018MD；步骤9: 缺失动作 DCM mov_RCV076VP；步骤11: 缺失动作 DCM mov_RCV078VP；步骤12: 缺失动作 set YL1RCV061VP_P.SV=100；步骤12: 缺失动作 set YL1RCV061VP_P.EXECUTE=1；步骤12: 缺失动作 set YL1RCV061VP_P.EXECUTE=0；步骤12: 缺失动作 set YL1RCV061VP_P.SV=60；步骤12: 缺失动作 DCM tr_RCV021MD,行52: set YL1RCV009VP_P.OPEN=1（重复步骤 | 步骤6: 步骤六）；行53: set YL1RCV009VP_P.OPEN=0（重复步骤 | 步骤6: 步骤六）；行54: set YL1RCV009VP_P.EXECUTE=1（重复步骤 | 步骤6: 步骤六）；行55: set YL1RCV009VP_P.EXECUTE=0（重复步骤 | 步骤6: 步骤六）；行72: set YL1RCV009VP_P.OPEN=1（重复步骤 | 步骤6: 步骤六）；行73: set YL1RCV009VP_P.OPEN=0（重复步骤 | 步骤6: 步骤六）；行74: set YL1RCV009VP_P.EXECUTE=1（重复步骤 | 步骤6: 步骤六）；行75: set YL1RCV009VP_P.EXECUTE=0（重复步骤 | 步骤6: 步骤六）；行80: set YL1RCV009VP_P.OPEN=1（重复步骤 | 步骤6: 步骤六）；行81: set YL1RCV009VP_P.OPEN=0（重复步骤 | 步骤6: 步骤六）；行82: set YL1RCV009VP_P.EXECUTE=1（重复步骤 | 步骤6: 步骤六）；行83: set YL1RCV009VP_P.EXECUTE=0（重复步骤 | 步骤6: 步骤六）；行95: set YL1RCV009VP_P.OPEN=1（重复步骤 | 步骤6: 步骤六）；行96: set YL1RCV009VP_P.OPEN=0（重复步骤 | 步骤6: 步骤六）；行97: set YL1RCV009VP_P.EXECUTE=1（重复步骤 | 步骤6: 步骤六）；行98: set YL1RCV009VP_P.EXECUTE=0（重复步骤 | 步骤6: 步骤六）；行103: set YL1RCV009VP_P.OPEN=1（重复步骤 | 步骤6: 步骤六）；行104: set YL1RCV009VP_P.OPEN=0（重复步骤 | 步骤6: 步骤六）；行105: set YL1RCV009VP_P.EXECUTE=1（重复步骤 | 步骤6: 步骤六）；行106: set YL1RCV009VP_P.EXECUTE=0（重复步骤 | 步骤6: 步骤六）；行111: set YL1RCV009VP_P.OPEN=1（重复步骤 | 步骤6: 步骤六）；行112: set YL1RCV009VP_P.OPEN=0（重复步骤 | 步骤6: 步骤六）；行113: set YL1RCV009VP_P.EXECUTE=1（重复步骤 | 步骤6: 步骤六）；行114: set YL1RCV009VP_P.EXECUTE=0（重复步骤 | 步骤6: 步骤六）；行115: set YL1RCV046VP_P.SV=0（重复步骤 | 步骤2: 步骤二）；行116: set YL1RCV046VP_P.EXECUTE=1（重复步骤 | 步骤2: 步骤二）；行117: set YL1RCV046VP_P.EXECUTE=0（重复步骤 | 步骤2: 步骤二）；行122: set YL1RCV009VP_P.OPEN=1（重复步骤 | 步骤6: 步骤六）；行123: set YL1RCV009VP_P.OPEN=0（重复步骤 | 步骤6: 步骤六）；行124: set YL1RCV009VP_P.EXECUTE=1（重复步骤 | 步骤6: 步骤六）；行125: set YL1RCV009VP_P.EXECUTE=0（重复步骤 | 步骤6: 步骤六）；行126: set YL1RCV046VP_P.SV=55（重复步骤 | 步骤7: 步骤七）；行127: set YL1RCV046VP_P.EXECUTE=1（重复步骤 | 步骤7: 步骤七）；行128: set YL1RCV046VP_P.EXECUTE=0（重复步骤 | 步骤7: 步骤七）；行132: set YL1RCV046VP_P.SV=55（重复步骤 | 步骤7: 步骤七）；行133: set YL1RCV046VP_P.EXECUTE=1（重复步骤 | 步骤7: 步骤七）；行134: set YL1RCV046VP_P.EXECUTE=0（重复步骤 | 步骤7: 步骤七）,步骤6: 步骤六；步骤2: 步骤二；步骤7: 步骤七,步骤5: 步骤五；步骤8: 步骤八；步骤9: 步骤九；步骤11: 步骤十一；步骤12: 步骤十二
